Session,Strategy_Name,Starting_Bankroll,Max_Rounds,Cost_Per_Round,Rounds_Survived,Final_Bankroll,Bet_Sheet
1,5BetAllInAt12Dollars,12.0,10,12.0,1,7.2,CRAB:2.4|DEER:2.4|FISH:2.4|GOURD:2.4|SHRIMP:2.4
2,5BetAllInAt12Dollars,12.0,10,12.0,3,7.2,CRAB:2.4|DEER:2.4|FISH:2.4|GOURD:2.4|SHRIMP:2.4
3,5BetAllInAt12Dollars,12.0,10,12.0,1,9.6,CRAB:2.4|DEER:2.4|FISH:2.4|GOURD:2.4|SHRIMP:2.4
4,5BetAllInAt12Dollars,12.0,10,12.0,3,9.6,CRAB:2.4|DEER:2.4|FISH:2.4|GOURD:2.4|SHRIMP:2.4
5,5BetAllInAt12Dollars,12.0,10,12.0,1,7.2,CRAB:2.4|DEER:2.4|FISH:2.4|GOURD:2.4|SHRIMP:2.4
6,5BetAllInAt12Dollars,12.0,10,12.0,2,7.2,CRAB:2.4|DEER:2.4|FISH:2.4|GOURD:2.4|SHRIMP:2.4
7,5BetAllInAt12Dollars,12.0,10,12.0,3,9.6,CRAB:2.4|DEER:2.4|FISH:2.4|GOURD:2.4|SHRIMP:2.4
8,5BetAllInAt12Dollars,12.0,10,12.0,1,9.6,CRAB:2.4|DEER:2.4|FISH:2.4|GOURD:2.4|SHRIMP:2.4
9,5BetAllInAt12Dollars,12.0,10,12.0,2,7.2,CRAB:2.4|DEER:2.4|FISH:2.4|GOURD:2.4|SHRIMP:2.4
10,5BetAllInAt12Dollars,12.0,10,12.0,1,4.8,CRAB:2.4|DEER:2.4|FISH:2.4|GOURD:2.4|SHRIMP:2.4
11,5BetAllInAt12Dollars,12.0,10,12.0,4,4.8,CRAB:2.4|DEER:2.4|FISH:2.4|GOURD:2.4|SHRIMP:2.4
12,5BetAllInAt12Dollars,12.0,10,12.0,1,9.6,CRAB:2.4|DEER:2.4|FISH:2.4|GOURD:2.4|SHRIMP:2.4
13,5BetAllInAt12Dollars,12.0,10,12.0,6,9.6,CRAB:2.4|DEER:2.4|FISH:2.4|GOURD:2.4|SHRIMP:2.4
14,5BetAllInAt12Dollars,12.0,10,12.0,3,7.2,CRAB:2.4|DEER:2.4|FISH:2.4|GOURD:2.4|SHRIMP:2.4
15,5BetAllInAt12Dollars,12.0,10,12.0,3,9.6,CRAB:2.4|DEER:2.4|FISH:2.4|GOURD:2.4|SHRIMP:2.4
16,5BetAllInAt12Dollars,12.0,10,12.0,1,9.6,CRAB:2.4|DEER:2.4|FISH:2.4|GOURD:2.4|SHRIMP:2.4
17,5BetAllInAt12Dollars,12.0,10,12.0,1,9.6,CRAB:2.4|DEER:2.4|FISH:2.4|GOURD:2.4|SHRIMP:2.4
18,5BetAllInAt12Dollars,12.0,10,12.0,7,9.6,CRAB:2.4|DEER:2.4|FISH:2.4|GOURD:2.4|SHRIMP:2.4
19,5BetAllInAt12Dollars,12.0,10,12.0,9,9.6,CRAB:2.4|DEER:2.4|FISH:2.4|GOURD:2.4|SHRIMP:2.4
20,5BetAllInAt12Dollars,12.0,10,12.0,1,7.2,CRAB:2.4|DEER:2.4|FISH:2.4|GOURD:2.4|SHRIMP:2.4
21,5BetAllInAt12Dollars,12.0,10,12.0,2,7.2,CRAB:2.4|DEER:2.4|FISH:2.4|GOURD:2.4|SHRIMP:2.4
22,5BetAllInAt12Dollars,12.0,10,12.0,2,9.6,CRAB:2.4|DEER:2.4|FISH:2.4|GOURD:2.4|SHRIMP:2.4
23,5BetAllInAt12Dollars,12.0,10,12.0,2,9.6,CRAB:2.4|DEER:2.4|FISH:2.4|GOURD:2.4|SHRIMP:2.4
24,5BetAllInAt12Dollars,12.0,10,12.0,8,9.6,CRAB:2.4|DEER:2.4|FISH:2.4|GOURD:2.4|SHRIMP:2.4
25,5BetAllInAt12Dollars,12.0,10,12.0,1,4.8,CRAB:2.4|DEER:2.4|FISH:2.4|GOURD:2.4|SHRIMP:2.4
26,5BetAllInAt12Dollars,12.0,10,12.0,1,9.6,CRAB:2.4|DEER:2.4|FISH:2.4|GOURD:2.4|SHRIMP:2.4
27,5BetAllInAt12Dollars,12.0,10,12.0,5,9.6,CRAB:2.4|DEER:2.4|FISH:2.4|GOURD:2.4|SHRIMP:2.4
28,5BetAllInAt12Dollars,12.0,10,12.0,1,9.6,CRAB:2.4|DEER:2.4|FISH:2.4|GOURD:2.4|SHRIMP:2.4
29,5BetAllInAt12Dollars,12.0,10,12.0,1,9.6,CRAB:2.4|DEER:2.4|FISH:2.4|GOURD:2.4|SHRIMP:2.4
30,5BetAllInAt12Dollars,12.0,10,12.0,3,9.6,CRAB:2.4|DEER:2.4|FISH:2.4|GOURD:2.4|SHRIMP:2.4
31,5BetAllInAt12Dollars,12.0,10,12.0,1,9.6,CRAB:2.4|DEER:2.4|FISH:2.4|GOURD:2.4|SHRIMP:2.4
32,5BetAllInAt12Dollars,12.0,10,12.0,1,7.2,CRAB:2.4|DEER:2.4|FISH:2.4|GOURD:2.4|SHRIMP:2.4
33,5BetAllInAt12Dollars,12.0,10,12.0,1,9.6,CRAB:2.4|DEER:2.4|FISH:2.4|GOURD:2.4|SHRIMP:2.4
34,5BetAllInAt12Dollars,12.0,10,12.0,7,7.2,CRAB:2.4|DEER:2.4|FISH:2.4|GOURD:2.4|SHRIMP:2.4
35,5BetAllInAt12Dollars,12.0,10,12.0,3,9.6,CRAB:2.4|DEER:2.4|FISH:2.4|GOURD:2.4|SHRIMP:2.4
36,5BetAllInAt12Dollars,12.0,10,12.0,2,9.6,CRAB:2.4|DEER:2.4|FISH:2.4|GOURD:2.4|SHRIMP:2.4
37,5BetAllInAt12Dollars,12.0,10,12.0,2,0.0,CRAB:2.4|DEER:2.4|FISH:2.4|GOURD:2.4|SHRIMP:2.4
38,5BetAllInAt12Dollars,12.0,10,12.0,5,4.8,CRAB:2.4|DEER:2.4|FISH:2.4|GOURD:2.4|SHRIMP:2.4
39,5BetAllInAt12Dollars,12.0,10,12.0,10,19.2,CRAB:2.4|DEER:2.4|FISH:2.4|GOURD:2.4|SHRIMP:2.4
40,5BetAllInAt12Dollars,12.0,10,12.0,3,9.6,CRAB:2.4|DEER:2.4|FISH:2.4|GOURD:2.4|SHRIMP:2.4
41,5BetAllInAt12Dollars,12.0,10,12.0,1,7.2,CRAB:2.4|DEER:2.4|FISH:2.4|GOURD:2.4|SHRIMP:2.4
42,5BetAllInAt12Dollars,12.0,10,12.0,2,7.2,CRAB:2.4|DEER:2.4|FISH:2.4|GOURD:2.4|SHRIMP:2.4
43,5BetAllInAt12Dollars,12.0,10,12.0,2,4.8,CRAB:2.4|DEER:2.4|FISH:2.4|GOURD:2.4|SHRIMP:2.4
44,5BetAllInAt12Dollars,12.0,10,12.0,1,9.6,CRAB:2.4|DEER:2.4|FISH:2.4|GOURD:2.4|SHRIMP:2.4
45,5BetAllInAt12Dollars,12.0,10,12.0,2,4.8,CRAB:2.4|DEER:2.4|FISH:2.4|GOURD:2.4|SHRIMP:2.4
46,5BetAllInAt12Dollars,12.0,10,12.0,10,19.2,CRAB:2.4|DEER:2.4|FISH:2.4|GOURD:2.4|SHRIMP:2.4
47,5BetAllInAt12Dollars,12.0,10,12.0,2,9.6,CRAB:2.4|DEER:2.4|FISH:2.4|GOURD:2.4|SHRIMP:2.4
48,5BetAllInAt12Dollars,12.0,10,12.0,9,9.6,CRAB:2.4|DEER:2.4|FISH:2.4|GOURD:2.4|SHRIMP:2.4
49,5BetAllInAt12Dollars,12.0,10,12.0,1,9.6,CRAB:2.4|DEER:2.4|FISH:2.4|GOURD:2.4|SHRIMP:2.4
50,5BetAllInAt12Dollars,12.0,10,12.0,1,9.6,CRAB:2.4|DEER:2.4|FISH:2.4|GOURD:2.4|SHRIMP:2.4
51,5BetAllInAt12Dollars,12.0,10,12.0,4,9.6,CRAB:2.4|DEER:2.4|FISH:2.4|GOURD:2.4|SHRIMP:2.4
52,5BetAllInAt12Dollars,12.0,10,12.0,5,9.6,CRAB:2.4|DEER:2.4|FISH:2.4|GOURD:2.4|SHRIMP:2.4
53,5BetAllInAt12Dollars,12.0,10,12.0,2,9.6,CRAB:2.4|DEER:2.4|FISH:2.4|GOURD:2.4|SHRIMP:2.4
54,5BetAllInAt12Dollars,12.0,10,12.0,1,9.6,CRAB:2.4|DEER:2.4|FISH:2.4|GOURD:2.4|SHRIMP:2.4
55,5BetAllInAt12Dollars,12.0,10,12.0,1,9.6,CRAB:2.4|DEER:2.4|FISH:2.4|GOURD:2.4|SHRIMP:2.4
56,5BetAllInAt12Dollars,12.0,10,12.0,3,9.6,CRAB:2.4|DEER:2.4|FISH:2.4|GOURD:2.4|SHRIMP:2.4
57,5BetAllInAt12Dollars,12.0,10,12.0,1,9.6,CRAB:2.4|DEER:2.4|FISH:2.4|GOURD:2.4|SHRIMP:2.4
58,5BetAllInAt12Dollars,12.0,10,12.0,1,9.6,CRAB:2.4|DEER:2.4|FISH:2.4|GOURD:2.4|SHRIMP:2.4
59,5BetAllInAt12Dollars,12.0,10,12.0,1,7.2,CRAB:2.4|DEER:2.4|FISH:2.4|GOURD:2.4|SHRIMP:2.4
60,5BetAllInAt12Dollars,12.0,10,12.0,2,4.8,CRAB:2.4|DEER:2.4|FISH:2.4|GOURD:2.4|SHRIMP:2.4
61,5BetAllInAt12Dollars,12.0,10,12.0,8,9.6,CRAB:2.4|DEER:2.4|FISH:2.4|GOURD:2.4|SHRIMP:2.4
62,5BetAllInAt12Dollars,12.0,10,12.0,1,9.6,CRAB:2.4|DEER:2.4|FISH:2.4|GOURD:2.4|SHRIMP:2.4
63,5BetAllInAt12Dollars,12.0,10,12.0,2,9.6,CRAB:2.4|DEER:2.4|FISH:2.4|GOURD:2.4|SHRIMP:2.4
64,5BetAllInAt12Dollars,12.0,10,12.0,3,9.6,CRAB:2.4|DEER:2.4|FISH:2.4|GOURD:2.4|SHRIMP:2.4
65,5BetAllInAt12Dollars,12.0,10,12.0,1,9.6,CRAB:2.4|DEER:2.4|FISH:2.4|GOURD:2.4|SHRIMP:2.4
66,5BetAllInAt12Dollars,12.0,10,12.0,1,9.6,CRAB:2.4|DEER:2.4|FISH:2.4|GOURD:2.4|SHRIMP:2.4
67,5BetAllInAt12Dollars,12.0,10,12.0,1,9.6,CRAB:2.4|DEER:2.4|FISH:2.4|GOURD:2.4|SHRIMP:2.4
68,5BetAllInAt12Dollars,12.0,10,12.0,1,9.6,CRAB:2.4|DEER:2.4|FISH:2.4|GOURD:2.4|SHRIMP:2.4
69,5BetAllInAt12Dollars,12.0,10,12.0,1,9.6,CRAB:2.4|DEER:2.4|FISH:2.4|GOURD:2.4|SHRIMP:2.4
70,5BetAllInAt12Dollars,12.0,10,12.0,2,9.6,CRAB:2.4|DEER:2.4|FISH:2.4|GOURD:2.4|SHRIMP:2.4
71,5BetAllInAt12Dollars,12.0,10,12.0,1,9.6,CRAB:2.4|DEER:2.4|FISH:2.4|GOURD:2.4|SHRIMP:2.4
72,5BetAllInAt12Dollars,12.0,10,12.0,10,14.4,CRAB:2.4|DEER:2.4|FISH:2.4|GOURD:2.4|SHRIMP:2.4
73,5BetAllInAt12Dollars,12.0,10,12.0,2,9.6,CRAB:2.4|DEER:2.4|FISH:2.4|GOURD:2.4|SHRIMP:2.4
74,5BetAllInAt12Dollars,12.0,10,12.0,1,4.8,CRAB:2.4|DEER:2.4|FISH:2.4|GOURD:2.4|SHRIMP:2.4
75,5BetAllInAt12Dollars,12.0,10,12.0,2,4.8,CRAB:2.4|DEER:2.4|FISH:2.4|GOURD:2.4|SHRIMP:2.4
76,5BetAllInAt12Dollars,12.0,10,12.0,2,9.6,CRAB:2.4|DEER:2.4|FISH:2.4|GOURD:2.4|SHRIMP:2.4
77,5BetAllInAt12Dollars,12.0,10,12.0,2,9.6,CRAB:2.4|DEER:2.4|FISH:2.4|GOURD:2.4|SHRIMP:2.4
78,5BetAllInAt12Dollars,12.0,10,12.0,2,9.6,CRAB:2.4|DEER:2.4|FISH:2.4|GOURD:2.4|SHRIMP:2.4
79,5BetAllInAt12Dollars,12.0,10,12.0,1,9.6,CRAB:2.4|DEER:2.4|FISH:2.4|GOURD:2.4|SHRIMP:2.4
80,5BetAllInAt12Dollars,12.0,10,12.0,2,9.6,CRAB:2.4|DEER:2.4|FISH:2.4|GOURD:2.4|SHRIMP:2.4
81,5BetAllInAt12Dollars,12.0,10,12.0,2,9.6,CRAB:2.4|DEER:2.4|FISH:2.4|GOURD:2.4|SHRIMP:2.4
82,5BetAllInAt12Dollars,12.0,10,12.0,1,9.6,CRAB:2.4|DEER:2.4|FISH:2.4|GOURD:2.4|SHRIMP:2.4
83,5BetAllInAt12Dollars,12.0,10,12.0,1,9.6,CRAB:2.4|DEER:2.4|FISH:2.4|GOURD:2.4|SHRIMP:2.4
84,5BetAllInAt12Dollars,12.0,10,12.0,6,9.6,CRAB:2.4|DEER:2.4|FISH:2.4|GOURD:2.4|SHRIMP:2.4
85,5BetAllInAt12Dollars,12.0,10,12.0,1,4.8,CRAB:2.4|DEER:2.4|FISH:2.4|GOURD:2.4|SHRIMP:2.4
86,5BetAllInAt12Dollars,12.0,10,12.0,10,26.4,CRAB:2.4|DEER:2.4|FISH:2.4|GOURD:2.4|SHRIMP:2.4
87,5BetAllInAt12Dollars,12.0,10,12.0,1,4.8,CRAB:2.4|DEER:2.4|FISH:2.4|GOURD:2.4|SHRIMP:2.4
88,5BetAllInAt12Dollars,12.0,10,12.0,1,9.6,CRAB:2.4|DEER:2.4|FISH:2.4|GOURD:2.4|SHRIMP:2.4
89,5BetAllInAt12Dollars,12.0,10,12.0,2,9.6,CRAB:2.4|DEER:2.4|FISH:2.4|GOURD:2.4|SHRIMP:2.4
90,5BetAllInAt12Dollars,12.0,10,12.0,3,9.6,CRAB:2.4|DEER:2.4|FISH:2.4|GOURD:2.4|SHRIMP:2.4
91,5BetAllInAt12Dollars,12.0,10,12.0,1,9.6,CRAB:2.4|DEER:2.4|FISH:2.4|GOURD:2.4|SHRIMP:2.4
92,5BetAllInAt12Dollars,12.0,10,12.0,2,7.2,CRAB:2.4|DEER:2.4|FISH:2.4|GOURD:2.4|SHRIMP:2.4
93,5BetAllInAt12Dollars,12.0,10,12.0,2,9.6,CRAB:2.4|DEER:2.4|FISH:2.4|GOURD:2.4|SHRIMP:2.4
94,5BetAllInAt12Dollars,12.0,10,12.0,6,9.6,CRAB:2.4|DEER:2.4|FISH:2.4|GOURD:2.4|SHRIMP:2.4
95,5BetAllInAt12Dollars,12.0,10,12.0,1,7.2,CRAB:2.4|DEER:2.4|FISH:2.4|GOURD:2.4|SHRIMP:2.4
96,5BetAllInAt12Dollars,12.0,10,12.0,10,12.0,CRAB:2.4|DEER:2.4|FISH:2.4|GOURD:2.4|SHRIMP:2.4
97,5BetAllInAt12Dollars,12.0,10,12.0,1,9.6,CRAB:2.4|DEER:2.4|FISH:2.4|GOURD:2.4|SHRIMP:2.4
98,5BetAllInAt12Dollars,12.0,10,12.0,1,9.6,CRAB:2.4|DEER:2.4|FISH:2.4|GOURD:2.4|SHRIMP:2.4
99,5BetAllInAt12Dollars,12.0,10,12.0,1,9.6,CRAB:2.4|DEER:2.4|FISH:2.4|GOURD:2.4|SHRIMP:2.4
100,5BetAllInAt12Dollars,12.0,10,12.0,4,7.2,CRAB:2.4|DEER:2.4|FISH:2.4|GOURD:2.4|SHRIMP:2.4
101,5BetAllInAt12Dollars,12.0,10,12.0,1,9.6,CRAB:2.4|DEER:2.4|FISH:2.4|GOURD:2.4|SHRIMP:2.4
102,5BetAllInAt12Dollars,12.0,10,12.0,10,19.2,CRAB:2.4|DEER:2.4|FISH:2.4|GOURD:2.4|SHRIMP:2.4
103,5BetAllInAt12Dollars,12.0,10,12.0,1,9.6,CRAB:2.4|DEER:2.4|FISH:2.4|GOURD:2.4|SHRIMP:2.4
104,5BetAllInAt12Dollars,12.0,10,12.0,1,9.6,CRAB:2.4|DEER:2.4|FISH:2.4|GOURD:2.4|SHRIMP:2.4
105,5BetAllInAt12Dollars,12.0,10,12.0,3,9.6,CRAB:2.4|DEER:2.4|FISH:2.4|GOURD:2.4|SHRIMP:2.4
106,5BetAllInAt12Dollars,12.0,10,12.0,2,9.6,CRAB:2.4|DEER:2.4|FISH:2.4|GOURD:2.4|SHRIMP:2.4
107,5BetAllInAt12Dollars,12.0,10,12.0,1,4.8,CRAB:2.4|DEER:2.4|FISH:2.4|GOURD:2.4|SHRIMP:2.4
108,5BetAllInAt12Dollars,12.0,10,12.0,7,4.8,CRAB:2.4|DEER:2.4|FISH:2.4|GOURD:2.4|SHRIMP:2.4
109,5BetAllInAt12Dollars,12.0,10,12.0,1,4.8,CRAB:2.4|DEER:2.4|FISH:2.4|GOURD:2.4|SHRIMP:2.4
110,5BetAllInAt12Dollars,12.0,10,12.0,1,9.6,CRAB:2.4|DEER:2.4|FISH:2.4|GOURD:2.4|SHRIMP:2.4
111,5BetAllInAt12Dollars,12.0,10,12.0,6,9.6,CRAB:2.4|DEER:2.4|FISH:2.4|GOURD:2.4|SHRIMP:2.4
112,5BetAllInAt12Dollars,12.0,10,12.0,1,9.6,CRAB:2.4|DEER:2.4|FISH:2.4|GOURD:2.4|SHRIMP:2.4
113,5BetAllInAt12Dollars,12.0,10,12.0,2,9.6,CRAB:2.4|DEER:2.4|FISH:2.4|GOURD:2.4|SHRIMP:2.4
114,5BetAllInAt12Dollars,12.0,10,12.0,8,9.6,CRAB:2.4|DEER:2.4|FISH:2.4|GOURD:2.4|SHRIMP:2.4
115,5BetAllInAt12Dollars,12.0,10,12.0,10,12.0,CRAB:2.4|DEER:2.4|FISH:2.4|GOURD:2.4|SHRIMP:2.4
116,5BetAllInAt12Dollars,12.0,10,12.0,4,4.8,CRAB:2.4|DEER:2.4|FISH:2.4|GOURD:2.4|SHRIMP:2.4
117,5BetAllInAt12Dollars,12.0,10,12.0,4,9.6,CRAB:2.4|DEER:2.4|FISH:2.4|GOURD:2.4|SHRIMP:2.4
118,5BetAllInAt12Dollars,12.0,10,12.0,1,4.8,CRAB:2.4|DEER:2.4|FISH:2.4|GOURD:2.4|SHRIMP:2.4
119,5BetAllInAt12Dollars,12.0,10,12.0,2,7.2,CRAB:2.4|DEER:2.4|FISH:2.4|GOURD:2.4|SHRIMP:2.4
120,5BetAllInAt12Dollars,12.0,10,12.0,1,9.6,CRAB:2.4|DEER:2.4|FISH:2.4|GOURD:2.4|SHRIMP:2.4
121,5BetAllInAt12Dollars,12.0,10,12.0,1,9.6,CRAB:2.4|DEER:2.4|FISH:2.4|GOURD:2.4|SHRIMP:2.4
122,5BetAllInAt12Dollars,12.0,10,12.0,5,9.6,CRAB:2.4|DEER:2.4|FISH:2.4|GOURD:2.4|SHRIMP:2.4
123,5BetAllInAt12Dollars,12.0,10,12.0,3,7.2,CRAB:2.4|DEER:2.4|FISH:2.4|GOURD:2.4|SHRIMP:2.4
124,5BetAllInAt12Dollars,12.0,10,12.0,6,9.6,CRAB:2.4|DEER:2.4|FISH:2.4|GOURD:2.4|SHRIMP:2.4
125,5BetAllInAt12Dollars,12.0,10,12.0,1,4.8,CRAB:2.4|DEER:2.4|FISH:2.4|GOURD:2.4|SHRIMP:2.4
126,5BetAllInAt12Dollars,12.0,10,12.0,1,9.6,CRAB:2.4|DEER:2.4|FISH:2.4|GOURD:2.4|SHRIMP:2.4
127,5BetAllInAt12Dollars,12.0,10,12.0,1,9.6,CRAB:2.4|DEER:2.4|FISH:2.4|GOURD:2.4|SHRIMP:2.4
128,5BetAllInAt12Dollars,12.0,10,12.0,1,9.6,CRAB:2.4|DEER:2.4|FISH:2.4|GOURD:2.4|SHRIMP:2.4
129,5BetAllInAt12Dollars,12.0,10,12.0,5,9.6,CRAB:2.4|DEER:2.4|FISH:2.4|GOURD:2.4|SHRIMP:2.4
130,5BetAllInAt12Dollars,12.0,10,12.0,1,9.6,CRAB:2.4|DEER:2.4|FISH:2.4|GOURD:2.4|SHRIMP:2.4
131,5BetAllInAt12Dollars,12.0,10,12.0,4,9.6,CRAB:2.4|DEER:2.4|FISH:2.4|GOURD:2.4|SHRIMP:2.4
132,5BetAllInAt12Dollars,12.0,10,12.0,1,4.8,CRAB:2.4|DEER:2.4|FISH:2.4|GOURD:2.4|SHRIMP:2.4
133,5BetAllInAt12Dollars,12.0,10,12.0,2,9.6,CRAB:2.4|DEER:2.4|FISH:2.4|GOURD:2.4|SHRIMP:2.4
134,5BetAllInAt12Dollars,12.0,10,12.0,4,9.6,CRAB:2.4|DEER:2.4|FISH:2.4|GOURD:2.4|SHRIMP:2.4
135,5BetAllInAt12Dollars,12.0,10,12.0,2,9.6,CRAB:2.4|DEER:2.4|FISH:2.4|GOURD:2.4|SHRIMP:2.4
136,5BetAllInAt12Dollars,12.0,10,12.0,1,4.8,CRAB:2.4|DEER:2.4|FISH:2.4|GOURD:2.4|SHRIMP:2.4
137,5BetAllInAt12Dollars,12.0,10,12.0,10,21.6,CRAB:2.4|DEER:2.4|FISH:2.4|GOURD:2.4|SHRIMP:2.4
138,5BetAllInAt12Dollars,12.0,10,12.0,1,9.6,CRAB:2.4|DEER:2.4|FISH:2.4|GOURD:2.4|SHRIMP:2.4
139,5BetAllInAt12Dollars,12.0,10,12.0,10,16.8,CRAB:2.4|DEER:2.4|FISH:2.4|GOURD:2.4|SHRIMP:2.4
140,5BetAllInAt12Dollars,12.0,10,12.0,1,9.6,CRAB:2.4|DEER:2.4|FISH:2.4|GOURD:2.4|SHRIMP:2.4
141,5BetAllInAt12Dollars,12.0,10,12.0,1,4.8,CRAB:2.4|DEER:2.4|FISH:2.4|GOURD:2.4|SHRIMP:2.4
142,5BetAllInAt12Dollars,12.0,10,12.0,2,9.6,CRAB:2.4|DEER:2.4|FISH:2.4|GOURD:2.4|SHRIMP:2.4
143,5BetAllInAt12Dollars,12.0,10,12.0,1,9.6,CRAB:2.4|DEER:2.4|FISH:2.4|GOURD:2.4|SHRIMP:2.4
144,5BetAllInAt12Dollars,12.0,10,12.0,1,9.6,CRAB:2.4|DEER:2.4|FISH:2.4|GOURD:2.4|SHRIMP:2.4
145,5BetAllInAt12Dollars,12.0,10,12.0,1,9.6,CRAB:2.4|DEER:2.4|FISH:2.4|GOURD:2.4|SHRIMP:2.4
146,5BetAllInAt12Dollars,12.0,10,12.0,1,9.6,CRAB:2.4|DEER:2.4|FISH:2.4|GOURD:2.4|SHRIMP:2.4
147,5BetAllInAt12Dollars,12.0,10,12.0,1,9.6,CRAB:2.4|DEER:2.4|FISH:2.4|GOURD:2.4|SHRIMP:2.4
148,5BetAllInAt12Dollars,12.0,10,12.0,2,9.6,CRAB:2.4|DEER:2.4|FISH:2.4|GOURD:2.4|SHRIMP:2.4
149,5BetAllInAt12Dollars,12.0,10,12.0,4,9.6,CRAB:2.4|DEER:2.4|FISH:2.4|GOURD:2.4|SHRIMP:2.4
150,5BetAllInAt12Dollars,12.0,10,12.0,2,4.8,CRAB:2.4|DEER:2.4|FISH:2.4|GOURD:2.4|SHRIMP:2.4
151,5BetAllInAt12Dollars,12.0,10,12.0,2,9.6,CRAB:2.4|DEER:2.4|FISH:2.4|GOURD:2.4|SHRIMP:2.4
152,5BetAllInAt12Dollars,12.0,10,12.0,10,9.6,CRAB:2.4|DEER:2.4|FISH:2.4|GOURD:2.4|SHRIMP:2.4
153,5BetAllInAt12Dollars,12.0,10,12.0,4,9.6,CRAB:2.4|DEER:2.4|FISH:2.4|GOURD:2.4|SHRIMP:2.4
154,5BetAllInAt12Dollars,12.0,10,12.0,3,9.6,CRAB:2.4|DEER:2.4|FISH:2.4|GOURD:2.4|SHRIMP:2.4
155,5BetAllInAt12Dollars,12.0,10,12.0,10,14.4,CRAB:2.4|DEER:2.4|FISH:2.4|GOURD:2.4|SHRIMP:2.4
156,5BetAllInAt12Dollars,12.0,10,12.0,3,9.6,CRAB:2.4|DEER:2.4|FISH:2.4|GOURD:2.4|SHRIMP:2.4
157,5BetAllInAt12Dollars,12.0,10,12.0,10,14.4,CRAB:2.4|DEER:2.4|FISH:2.4|GOURD:2.4|SHRIMP:2.4
158,5BetAllInAt12Dollars,12.0,10,12.0,4,7.2,CRAB:2.4|DEER:2.4|FISH:2.4|GOURD:2.4|SHRIMP:2.4
159,5BetAllInAt12Dollars,12.0,10,12.0,1,7.2,CRAB:2.4|DEER:2.4|FISH:2.4|GOURD:2.4|SHRIMP:2.4
160,5BetAllInAt12Dollars,12.0,10,12.0,1,9.6,CRAB:2.4|DEER:2.4|FISH:2.4|GOURD:2.4|SHRIMP:2.4
161,5BetAllInAt12Dollars,12.0,10,12.0,9,7.2,CRAB:2.4|DEER:2.4|FISH:2.4|GOURD:2.4|SHRIMP:2.4
162,5BetAllInAt12Dollars,12.0,10,12.0,8,9.6,CRAB:2.4|DEER:2.4|FISH:2.4|GOURD:2.4|SHRIMP:2.4
163,5BetAllInAt12Dollars,12.0,10,12.0,10,14.4,CRAB:2.4|DEER:2.4|FISH:2.4|GOURD:2.4|SHRIMP:2.4
164,5BetAllInAt12Dollars,12.0,10,12.0,3,9.6,CRAB:2.4|DEER:2.4|FISH:2.4|GOURD:2.4|SHRIMP:2.4
165,5BetAllInAt12Dollars,12.0,10,12.0,1,9.6,CRAB:2.4|DEER:2.4|FISH:2.4|GOURD:2.4|SHRIMP:2.4
166,5BetAllInAt12Dollars,12.0,10,12.0,1,9.6,CRAB:2.4|DEER:2.4|FISH:2.4|GOURD:2.4|SHRIMP:2.4
167,5BetAllInAt12Dollars,12.0,10,12.0,10,12.0,CRAB:2.4|DEER:2.4|FISH:2.4|GOURD:2.4|SHRIMP:2.4
168,5BetAllInAt12Dollars,12.0,10,12.0,2,7.2,CRAB:2.4|DEER:2.4|FISH:2.4|GOURD:2.4|SHRIMP:2.4
169,5BetAllInAt12Dollars,12.0,10,12.0,1,9.6,CRAB:2.4|DEER:2.4|FISH:2.4|GOURD:2.4|SHRIMP:2.4
170,5BetAllInAt12Dollars,12.0,10,12.0,3,2.4,CRAB:2.4|DEER:2.4|FISH:2.4|GOURD:2.4|SHRIMP:2.4
171,5BetAllInAt12Dollars,12.0,10,12.0,1,9.6,CRAB:2.4|DEER:2.4|FISH:2.4|GOURD:2.4|SHRIMP:2.4
172,5BetAllInAt12Dollars,12.0,10,12.0,1,4.8,CRAB:2.4|DEER:2.4|FISH:2.4|GOURD:2.4|SHRIMP:2.4
173,5BetAllInAt12Dollars,12.0,10,12.0,2,4.8,CRAB:2.4|DEER:2.4|FISH:2.4|GOURD:2.4|SHRIMP:2.4
174,5BetAllInAt12Dollars,12.0,10,12.0,10,7.2,CRAB:2.4|DEER:2.4|FISH:2.4|GOURD:2.4|SHRIMP:2.4
175,5BetAllInAt12Dollars,12.0,10,12.0,5,9.6,CRAB:2.4|DEER:2.4|FISH:2.4|GOURD:2.4|SHRIMP:2.4
176,5BetAllInAt12Dollars,12.0,10,12.0,2,9.6,CRAB:2.4|DEER:2.4|FISH:2.4|GOURD:2.4|SHRIMP:2.4
177,5BetAllInAt12Dollars,12.0,10,12.0,2,4.8,CRAB:2.4|DEER:2.4|FISH:2.4|GOURD:2.4|SHRIMP:2.4
178,5BetAllInAt12Dollars,12.0,10,12.0,2,9.6,CRAB:2.4|DEER:2.4|FISH:2.4|GOURD:2.4|SHRIMP:2.4
179,5BetAllInAt12Dollars,12.0,10,12.0,1,7.2,CRAB:2.4|DEER:2.4|FISH:2.4|GOURD:2.4|SHRIMP:2.4
180,5BetAllInAt12Dollars,12.0,10,12.0,1,7.2,CRAB:2.4|DEER:2.4|FISH:2.4|GOURD:2.4|SHRIMP:2.4
181,5BetAllInAt12Dollars,12.0,10,12.0,1,9.6,CRAB:2.4|DEER:2.4|FISH:2.4|GOURD:2.4|SHRIMP:2.4
182,5BetAllInAt12Dollars,12.0,10,12.0,1,7.2,CRAB:2.4|DEER:2.4|FISH:2.4|GOURD:2.4|SHRIMP:2.4
183,5BetAllInAt12Dollars,12.0,10,12.0,10,12.0,CRAB:2.4|DEER:2.4|FISH:2.4|GOURD:2.4|SHRIMP:2.4
184,5BetAllInAt12Dollars,12.0,10,12.0,2,7.2,CRAB:2.4|DEER:2.4|FISH:2.4|GOURD:2.4|SHRIMP:2.4
185,5BetAllInAt12Dollars,12.0,10,12.0,9,9.6,CRAB:2.4|DEER:2.4|FISH:2.4|GOURD:2.4|SHRIMP:2.4
186,5BetAllInAt12Dollars,12.0,10,12.0,1,9.6,CRAB:2.4|DEER:2.4|FISH:2.4|GOURD:2.4|SHRIMP:2.4
187,5BetAllInAt12Dollars,12.0,10,12.0,1,9.6,CRAB:2.4|DEER:2.4|FISH:2.4|GOURD:2.4|SHRIMP:2.4
188,5BetAllInAt12Dollars,12.0,10,12.0,1,9.6,CRAB:2.4|DEER:2.4|FISH:2.4|GOURD:2.4|SHRIMP:2.4
189,5BetAllInAt12Dollars,12.0,10,12.0,3,9.6,CRAB:2.4|DEER:2.4|FISH:2.4|GOURD:2.4|SHRIMP:2.4
190,5BetAllInAt12Dollars,12.0,10,12.0,1,9.6,CRAB:2.4|DEER:2.4|FISH:2.4|GOURD:2.4|SHRIMP:2.4
191,5BetAllInAt12Dollars,12.0,10,12.0,2,4.8,CRAB:2.4|DEER:2.4|FISH:2.4|GOURD:2.4|SHRIMP:2.4
192,5BetAllInAt12Dollars,12.0,10,12.0,2,9.6,CRAB:2.4|DEER:2.4|FISH:2.4|GOURD:2.4|SHRIMP:2.4
193,5BetAllInAt12Dollars,12.0,10,12.0,1,9.6,CRAB:2.4|DEER:2.4|FISH:2.4|GOURD:2.4|SHRIMP:2.4
194,5BetAllInAt12Dollars,12.0,10,12.0,1,9.6,CRAB:2.4|DEER:2.4|FISH:2.4|GOURD:2.4|SHRIMP:2.4
195,5BetAllInAt12Dollars,12.0,10,12.0,1,7.2,CRAB:2.4|DEER:2.4|FISH:2.4|GOURD:2.4|SHRIMP:2.4
196,5BetAllInAt12Dollars,12.0,10,12.0,5,9.6,CRAB:2.4|DEER:2.4|FISH:2.4|GOURD:2.4|SHRIMP:2.4
197,5BetAllInAt12Dollars,12.0,10,12.0,1,9.6,CRAB:2.4|DEER:2.4|FISH:2.4|GOURD:2.4|SHRIMP:2.4
198,5BetAllInAt12Dollars,12.0,10,12.0,1,4.8,CRAB:2.4|DEER:2.4|FISH:2.4|GOURD:2.4|SHRIMP:2.4
199,5BetAllInAt12Dollars,12.0,10,12.0,1,9.6,CRAB:2.4|DEER:2.4|FISH:2.4|GOURD:2.4|SHRIMP:2.4
200,5BetAllInAt12Dollars,12.0,10,12.0,1,7.2,CRAB:2.4|DEER:2.4|FISH:2.4|GOURD:2.4|SHRIMP:2.4
201,5BetAllInAt12Dollars,12.0,10,12.0,2,7.2,CRAB:2.4|DEER:2.4|FISH:2.4|GOURD:2.4|SHRIMP:2.4
202,5BetAllInAt12Dollars,12.0,10,12.0,2,4.8,CRAB:2.4|DEER:2.4|FISH:2.4|GOURD:2.4|SHRIMP:2.4
203,5BetAllInAt12Dollars,12.0,10,12.0,1,9.6,CRAB:2.4|DEER:2.4|FISH:2.4|GOURD:2.4|SHRIMP:2.4
204,5BetAllInAt12Dollars,12.0,10,12.0,1,0.0,CRAB:2.4|DEER:2.4|FISH:2.4|GOURD:2.4|SHRIMP:2.4
205,5BetAllInAt12Dollars,12.0,10,12.0,2,7.2,CRAB:2.4|DEER:2.4|FISH:2.4|GOURD:2.4|SHRIMP:2.4
206,5BetAllInAt12Dollars,12.0,10,12.0,2,9.6,CRAB:2.4|DEER:2.4|FISH:2.4|GOURD:2.4|SHRIMP:2.4
207,5BetAllInAt12Dollars,12.0,10,12.0,1,7.2,CRAB:2.4|DEER:2.4|FISH:2.4|GOURD:2.4|SHRIMP:2.4
208,5BetAllInAt12Dollars,12.0,10,12.0,6,7.2,CRAB:2.4|DEER:2.4|FISH:2.4|GOURD:2.4|SHRIMP:2.4
209,5BetAllInAt12Dollars,12.0,10,12.0,4,4.8,CRAB:2.4|DEER:2.4|FISH:2.4|GOURD:2.4|SHRIMP:2.4
210,5BetAllInAt12Dollars,12.0,10,12.0,1,9.6,CRAB:2.4|DEER:2.4|FISH:2.4|GOURD:2.4|SHRIMP:2.4
211,5BetAllInAt12Dollars,12.0,10,12.0,3,9.6,CRAB:2.4|DEER:2.4|FISH:2.4|GOURD:2.4|SHRIMP:2.4
212,5BetAllInAt12Dollars,12.0,10,12.0,3,9.6,CRAB:2.4|DEER:2.4|FISH:2.4|GOURD:2.4|SHRIMP:2.4
213,5BetAllInAt12Dollars,12.0,10,12.0,1,7.2,CRAB:2.4|DEER:2.4|FISH:2.4|GOURD:2.4|SHRIMP:2.4
214,5BetAllInAt12Dollars,12.0,10,12.0,1,9.6,CRAB:2.4|DEER:2.4|FISH:2.4|GOURD:2.4|SHRIMP:2.4
215,5BetAllInAt12Dollars,12.0,10,12.0,10,16.8,CRAB:2.4|DEER:2.4|FISH:2.4|GOURD:2.4|SHRIMP:2.4
216,5BetAllInAt12Dollars,12.0,10,12.0,1,9.6,CRAB:2.4|DEER:2.4|FISH:2.4|GOURD:2.4|SHRIMP:2.4
217,5BetAllInAt12Dollars,12.0,10,12.0,3,9.6,CRAB:2.4|DEER:2.4|FISH:2.4|GOURD:2.4|SHRIMP:2.4
218,5BetAllInAt12Dollars,12.0,10,12.0,2,4.8,CRAB:2.4|DEER:2.4|FISH:2.4|GOURD:2.4|SHRIMP:2.4
219,5BetAllInAt12Dollars,12.0,10,12.0,6,9.6,CRAB:2.4|DEER:2.4|FISH:2.4|GOURD:2.4|SHRIMP:2.4
220,5BetAllInAt12Dollars,12.0,10,12.0,3,9.6,CRAB:2.4|DEER:2.4|FISH:2.4|GOURD:2.4|SHRIMP:2.4
221,5BetAllInAt12Dollars,12.0,10,12.0,3,2.4,CRAB:2.4|DEER:2.4|FISH:2.4|GOURD:2.4|SHRIMP:2.4
222,5BetAllInAt12Dollars,12.0,10,12.0,1,7.2,CRAB:2.4|DEER:2.4|FISH:2.4|GOURD:2.4|SHRIMP:2.4
223,5BetAllInAt12Dollars,12.0,10,12.0,1,9.6,CRAB:2.4|DEER:2.4|FISH:2.4|GOURD:2.4|SHRIMP:2.4
224,5BetAllInAt12Dollars,12.0,10,12.0,10,9.6,CRAB:2.4|DEER:2.4|FISH:2.4|GOURD:2.4|SHRIMP:2.4
225,5BetAllInAt12Dollars,12.0,10,12.0,4,9.6,CRAB:2.4|DEER:2.4|FISH:2.4|GOURD:2.4|SHRIMP:2.4
226,5BetAllInAt12Dollars,12.0,10,12.0,1,9.6,CRAB:2.4|DEER:2.4|FISH:2.4|GOURD:2.4|SHRIMP:2.4
227,5BetAllInAt12Dollars,12.0,10,12.0,1,7.2,CRAB:2.4|DEER:2.4|FISH:2.4|GOURD:2.4|SHRIMP:2.4
228,5BetAllInAt12Dollars,12.0,10,12.0,1,9.6,CRAB:2.4|DEER:2.4|FISH:2.4|GOURD:2.4|SHRIMP:2.4
229,5BetAllInAt12Dollars,12.0,10,12.0,5,7.2,CRAB:2.4|DEER:2.4|FISH:2.4|GOURD:2.4|SHRIMP:2.4
230,5BetAllInAt12Dollars,12.0,10,12.0,8,7.2,CRAB:2.4|DEER:2.4|FISH:2.4|GOURD:2.4|SHRIMP:2.4
231,5BetAllInAt12Dollars,12.0,10,12.0,1,4.8,CRAB:2.4|DEER:2.4|FISH:2.4|GOURD:2.4|SHRIMP:2.4
232,5BetAllInAt12Dollars,12.0,10,12.0,1,7.2,CRAB:2.4|DEER:2.4|FISH:2.4|GOURD:2.4|SHRIMP:2.4
233,5BetAllInAt12Dollars,12.0,10,12.0,2,9.6,CRAB:2.4|DEER:2.4|FISH:2.4|GOURD:2.4|SHRIMP:2.4
234,5BetAllInAt12Dollars,12.0,10,12.0,1,9.6,CRAB:2.4|DEER:2.4|FISH:2.4|GOURD:2.4|SHRIMP:2.4
235,5BetAllInAt12Dollars,12.0,10,12.0,6,7.2,CRAB:2.4|DEER:2.4|FISH:2.4|GOURD:2.4|SHRIMP:2.4
236,5BetAllInAt12Dollars,12.0,10,12.0,1,9.6,CRAB:2.4|DEER:2.4|FISH:2.4|GOURD:2.4|SHRIMP:2.4
237,5BetAllInAt12Dollars,12.0,10,12.0,4,7.2,CRAB:2.4|DEER:2.4|FISH:2.4|GOURD:2.4|SHRIMP:2.4
238,5BetAllInAt12Dollars,12.0,10,12.0,1,9.6,CRAB:2.4|DEER:2.4|FISH:2.4|GOURD:2.4|SHRIMP:2.4
239,5BetAllInAt12Dollars,12.0,10,12.0,2,9.6,CRAB:2.4|DEER:2.4|FISH:2.4|GOURD:2.4|SHRIMP:2.4
240,5BetAllInAt12Dollars,12.0,10,12.0,1,7.2,CRAB:2.4|DEER:2.4|FISH:2.4|GOURD:2.4|SHRIMP:2.4
241,5BetAllInAt12Dollars,12.0,10,12.0,1,9.6,CRAB:2.4|DEER:2.4|FISH:2.4|GOURD:2.4|SHRIMP:2.4
242,5BetAllInAt12Dollars,12.0,10,12.0,1,9.6,CRAB:2.4|DEER:2.4|FISH:2.4|GOURD:2.4|SHRIMP:2.4
243,5BetAllInAt12Dollars,12.0,10,12.0,10,26.4,CRAB:2.4|DEER:2.4|FISH:2.4|GOURD:2.4|SHRIMP:2.4
244,5BetAllInAt12Dollars,12.0,10,12.0,1,4.8,CRAB:2.4|DEER:2.4|FISH:2.4|GOURD:2.4|SHRIMP:2.4
245,5BetAllInAt12Dollars,12.0,10,12.0,2,4.8,CRAB:2.4|DEER:2.4|FISH:2.4|GOURD:2.4|SHRIMP:2.4
246,5BetAllInAt12Dollars,12.0,10,12.0,7,9.6,CRAB:2.4|DEER:2.4|FISH:2.4|GOURD:2.4|SHRIMP:2.4
247,5BetAllInAt12Dollars,12.0,10,12.0,3,9.6,CRAB:2.4|DEER:2.4|FISH:2.4|GOURD:2.4|SHRIMP:2.4
248,5BetAllInAt12Dollars,12.0,10,12.0,5,7.2,CRAB:2.4|DEER:2.4|FISH:2.4|GOURD:2.4|SHRIMP:2.4
249,5BetAllInAt12Dollars,12.0,10,12.0,6,7.2,CRAB:2.4|DEER:2.4|FISH:2.4|GOURD:2.4|SHRIMP:2.4
250,5BetAllInAt12Dollars,12.0,10,12.0,4,4.8,CRAB:2.4|DEER:2.4|FISH:2.4|GOURD:2.4|SHRIMP:2.4
251,5BetAllInAt12Dollars,12.0,10,12.0,1,4.8,CRAB:2.4|DEER:2.4|FISH:2.4|GOURD:2.4|SHRIMP:2.4
252,5BetAllInAt12Dollars,12.0,10,12.0,1,7.2,CRAB:2.4|DEER:2.4|FISH:2.4|GOURD:2.4|SHRIMP:2.4
253,5BetAllInAt12Dollars,12.0,10,12.0,4,4.8,CRAB:2.4|DEER:2.4|FISH:2.4|GOURD:2.4|SHRIMP:2.4
254,5BetAllInAt12Dollars,12.0,10,12.0,10,19.2,CRAB:2.4|DEER:2.4|FISH:2.4|GOURD:2.4|SHRIMP:2.4
255,5BetAllInAt12Dollars,12.0,10,12.0,3,7.2,CRAB:2.4|DEER:2.4|FISH:2.4|GOURD:2.4|SHRIMP:2.4
256,5BetAllInAt12Dollars,12.0,10,12.0,1,4.8,CRAB:2.4|DEER:2.4|FISH:2.4|GOURD:2.4|SHRIMP:2.4
257,5BetAllInAt12Dollars,12.0,10,12.0,1,9.6,CRAB:2.4|DEER:2.4|FISH:2.4|GOURD:2.4|SHRIMP:2.4
258,5BetAllInAt12Dollars,12.0,10,12.0,3,7.2,CRAB:2.4|DEER:2.4|FISH:2.4|GOURD:2.4|SHRIMP:2.4
259,5BetAllInAt12Dollars,12.0,10,12.0,2,9.6,CRAB:2.4|DEER:2.4|FISH:2.4|GOURD:2.4|SHRIMP:2.4
260,5BetAllInAt12Dollars,12.0,10,12.0,5,9.6,CRAB:2.4|DEER:2.4|FISH:2.4|GOURD:2.4|SHRIMP:2.4
261,5BetAllInAt12Dollars,12.0,10,12.0,5,9.6,CRAB:2.4|DEER:2.4|FISH:2.4|GOURD:2.4|SHRIMP:2.4
262,5BetAllInAt12Dollars,12.0,10,12.0,3,9.6,CRAB:2.4|DEER:2.4|FISH:2.4|GOURD:2.4|SHRIMP:2.4
263,5BetAllInAt12Dollars,12.0,10,12.0,5,7.2,CRAB:2.4|DEER:2.4|FISH:2.4|GOURD:2.4|SHRIMP:2.4
264,5BetAllInAt12Dollars,12.0,10,12.0,2,9.6,CRAB:2.4|DEER:2.4|FISH:2.4|GOURD:2.4|SHRIMP:2.4
265,5BetAllInAt12Dollars,12.0,10,12.0,10,16.8,CRAB:2.4|DEER:2.4|FISH:2.4|GOURD:2.4|SHRIMP:2.4
266,5BetAllInAt12Dollars,12.0,10,12.0,1,4.8,CRAB:2.4|DEER:2.4|FISH:2.4|GOURD:2.4|SHRIMP:2.4
267,5BetAllInAt12Dollars,12.0,10,12.0,1,9.6,CRAB:2.4|DEER:2.4|FISH:2.4|GOURD:2.4|SHRIMP:2.4
268,5BetAllInAt12Dollars,12.0,10,12.0,1,9.6,CRAB:2.4|DEER:2.4|FISH:2.4|GOURD:2.4|SHRIMP:2.4
269,5BetAllInAt12Dollars,12.0,10,12.0,10,19.2,CRAB:2.4|DEER:2.4|FISH:2.4|GOURD:2.4|SHRIMP:2.4
270,5BetAllInAt12Dollars,12.0,10,12.0,2,4.8,CRAB:2.4|DEER:2.4|FISH:2.4|GOURD:2.4|SHRIMP:2.4
271,5BetAllInAt12Dollars,12.0,10,12.0,3,7.2,CRAB:2.4|DEER:2.4|FISH:2.4|GOURD:2.4|SHRIMP:2.4
272,5BetAllInAt12Dollars,12.0,10,12.0,2,4.8,CRAB:2.4|DEER:2.4|FISH:2.4|GOURD:2.4|SHRIMP:2.4
273,5BetAllInAt12Dollars,12.0,10,12.0,3,9.6,CRAB:2.4|DEER:2.4|FISH:2.4|GOURD:2.4|SHRIMP:2.4
274,5BetAllInAt12Dollars,12.0,10,12.0,3,9.6,CRAB:2.4|DEER:2.4|FISH:2.4|GOURD:2.4|SHRIMP:2.4
275,5BetAllInAt12Dollars,12.0,10,12.0,2,4.8,CRAB:2.4|DEER:2.4|FISH:2.4|GOURD:2.4|SHRIMP:2.4
276,5BetAllInAt12Dollars,12.0,10,12.0,6,9.6,CRAB:2.4|DEER:2.4|FISH:2.4|GOURD:2.4|SHRIMP:2.4
277,5BetAllInAt12Dollars,12.0,10,12.0,1,9.6,CRAB:2.4|DEER:2.4|FISH:2.4|GOURD:2.4|SHRIMP:2.4
278,5BetAllInAt12Dollars,12.0,10,12.0,2,9.6,CRAB:2.4|DEER:2.4|FISH:2.4|GOURD:2.4|SHRIMP:2.4
279,5BetAllInAt12Dollars,12.0,10,12.0,1,9.6,CRAB:2.4|DEER:2.4|FISH:2.4|GOURD:2.4|SHRIMP:2.4
280,5BetAllInAt12Dollars,12.0,10,12.0,3,9.6,CRAB:2.4|DEER:2.4|FISH:2.4|GOURD:2.4|SHRIMP:2.4
281,5BetAllInAt12Dollars,12.0,10,12.0,10,14.4,CRAB:2.4|DEER:2.4|FISH:2.4|GOURD:2.4|SHRIMP:2.4
282,5BetAllInAt12Dollars,12.0,10,12.0,7,9.6,CRAB:2.4|DEER:2.4|FISH:2.4|GOURD:2.4|SHRIMP:2.4
283,5BetAllInAt12Dollars,12.0,10,12.0,1,4.8,CRAB:2.4|DEER:2.4|FISH:2.4|GOURD:2.4|SHRIMP:2.4
284,5BetAllInAt12Dollars,12.0,10,12.0,2,9.6,CRAB:2.4|DEER:2.4|FISH:2.4|GOURD:2.4|SHRIMP:2.4
285,5BetAllInAt12Dollars,12.0,10,12.0,2,9.6,CRAB:2.4|DEER:2.4|FISH:2.4|GOURD:2.4|SHRIMP:2.4
286,5BetAllInAt12Dollars,12.0,10,12.0,1,9.6,CRAB:2.4|DEER:2.4|FISH:2.4|GOURD:2.4|SHRIMP:2.4
287,5BetAllInAt12Dollars,12.0,10,12.0,1,9.6,CRAB:2.4|DEER:2.4|FISH:2.4|GOURD:2.4|SHRIMP:2.4
288,5BetAllInAt12Dollars,12.0,10,12.0,1,9.6,CRAB:2.4|DEER:2.4|FISH:2.4|GOURD:2.4|SHRIMP:2.4
289,5BetAllInAt12Dollars,12.0,10,12.0,5,9.6,CRAB:2.4|DEER:2.4|FISH:2.4|GOURD:2.4|SHRIMP:2.4
290,5BetAllInAt12Dollars,12.0,10,12.0,10,16.8,CRAB:2.4|DEER:2.4|FISH:2.4|GOURD:2.4|SHRIMP:2.4
291,5BetAllInAt12Dollars,12.0,10,12.0,10,12.0,CRAB:2.4|DEER:2.4|FISH:2.4|GOURD:2.4|SHRIMP:2.4
292,5BetAllInAt12Dollars,12.0,10,12.0,1,9.6,CRAB:2.4|DEER:2.4|FISH:2.4|GOURD:2.4|SHRIMP:2.4
293,5BetAllInAt12Dollars,12.0,10,12.0,10,16.8,CRAB:2.4|DEER:2.4|FISH:2.4|GOURD:2.4|SHRIMP:2.4
294,5BetAllInAt12Dollars,12.0,10,12.0,8,9.6,CRAB:2.4|DEER:2.4|FISH:2.4|GOURD:2.4|SHRIMP:2.4
295,5BetAllInAt12Dollars,12.0,10,12.0,10,9.6,CRAB:2.4|DEER:2.4|FISH:2.4|GOURD:2.4|SHRIMP:2.4
296,5BetAllInAt12Dollars,12.0,10,12.0,1,9.6,CRAB:2.4|DEER:2.4|FISH:2.4|GOURD:2.4|SHRIMP:2.4
297,5BetAllInAt12Dollars,12.0,10,12.0,1,4.8,CRAB:2.4|DEER:2.4|FISH:2.4|GOURD:2.4|SHRIMP:2.4
298,5BetAllInAt12Dollars,12.0,10,12.0,1,9.6,CRAB:2.4|DEER:2.4|FISH:2.4|GOURD:2.4|SHRIMP:2.4
299,5BetAllInAt12Dollars,12.0,10,12.0,3,9.6,CRAB:2.4|DEER:2.4|FISH:2.4|GOURD:2.4|SHRIMP:2.4
300,5BetAllInAt12Dollars,12.0,10,12.0,2,9.6,CRAB:2.4|DEER:2.4|FISH:2.4|GOURD:2.4|SHRIMP:2.4
301,5BetAllInAt12Dollars,12.0,10,12.0,10,19.2,CRAB:2.4|DEER:2.4|FISH:2.4|GOURD:2.4|SHRIMP:2.4
302,5BetAllInAt12Dollars,12.0,10,12.0,1,9.6,CRAB:2.4|DEER:2.4|FISH:2.4|GOURD:2.4|SHRIMP:2.4
303,5BetAllInAt12Dollars,12.0,10,12.0,5,9.6,CRAB:2.4|DEER:2.4|FISH:2.4|GOURD:2.4|SHRIMP:2.4
304,5BetAllInAt12Dollars,12.0,10,12.0,1,4.8,CRAB:2.4|DEER:2.4|FISH:2.4|GOURD:2.4|SHRIMP:2.4
305,5BetAllInAt12Dollars,12.0,10,12.0,1,7.2,CRAB:2.4|DEER:2.4|FISH:2.4|GOURD:2.4|SHRIMP:2.4
306,5BetAllInAt12Dollars,12.0,10,12.0,2,9.6,CRAB:2.4|DEER:2.4|FISH:2.4|GOURD:2.4|SHRIMP:2.4
307,5BetAllInAt12Dollars,12.0,10,12.0,10,16.8,CRAB:2.4|DEER:2.4|FISH:2.4|GOURD:2.4|SHRIMP:2.4
308,5BetAllInAt12Dollars,12.0,10,12.0,1,4.8,CRAB:2.4|DEER:2.4|FISH:2.4|GOURD:2.4|SHRIMP:2.4
309,5BetAllInAt12Dollars,12.0,10,12.0,2,4.8,CRAB:2.4|DEER:2.4|FISH:2.4|GOURD:2.4|SHRIMP:2.4
310,5BetAllInAt12Dollars,12.0,10,12.0,2,4.8,CRAB:2.4|DEER:2.4|FISH:2.4|GOURD:2.4|SHRIMP:2.4
311,5BetAllInAt12Dollars,12.0,10,12.0,1,9.6,CRAB:2.4|DEER:2.4|FISH:2.4|GOURD:2.4|SHRIMP:2.4
312,5BetAllInAt12Dollars,12.0,10,12.0,5,9.6,CRAB:2.4|DEER:2.4|FISH:2.4|GOURD:2.4|SHRIMP:2.4
313,5BetAllInAt12Dollars,12.0,10,12.0,1,9.6,CRAB:2.4|DEER:2.4|FISH:2.4|GOURD:2.4|SHRIMP:2.4
314,5BetAllInAt12Dollars,12.0,10,12.0,3,4.8,CRAB:2.4|DEER:2.4|FISH:2.4|GOURD:2.4|SHRIMP:2.4
315,5BetAllInAt12Dollars,12.0,10,12.0,1,9.6,CRAB:2.4|DEER:2.4|FISH:2.4|GOURD:2.4|SHRIMP:2.4
316,5BetAllInAt12Dollars,12.0,10,12.0,1,4.8,CRAB:2.4|DEER:2.4|FISH:2.4|GOURD:2.4|SHRIMP:2.4
317,5BetAllInAt12Dollars,12.0,10,12.0,3,9.6,CRAB:2.4|DEER:2.4|FISH:2.4|GOURD:2.4|SHRIMP:2.4
318,5BetAllInAt12Dollars,12.0,10,12.0,1,7.2,CRAB:2.4|DEER:2.4|FISH:2.4|GOURD:2.4|SHRIMP:2.4
319,5BetAllInAt12Dollars,12.0,10,12.0,1,9.6,CRAB:2.4|DEER:2.4|FISH:2.4|GOURD:2.4|SHRIMP:2.4
320,5BetAllInAt12Dollars,12.0,10,12.0,1,9.6,CRAB:2.4|DEER:2.4|FISH:2.4|GOURD:2.4|SHRIMP:2.4
321,5BetAllInAt12Dollars,12.0,10,12.0,3,9.6,CRAB:2.4|DEER:2.4|FISH:2.4|GOURD:2.4|SHRIMP:2.4
322,5BetAllInAt12Dollars,12.0,10,12.0,4,9.6,CRAB:2.4|DEER:2.4|FISH:2.4|GOURD:2.4|SHRIMP:2.4
323,5BetAllInAt12Dollars,12.0,10,12.0,1,9.6,CRAB:2.4|DEER:2.4|FISH:2.4|GOURD:2.4|SHRIMP:2.4
324,5BetAllInAt12Dollars,12.0,10,12.0,2,9.6,CRAB:2.4|DEER:2.4|FISH:2.4|GOURD:2.4|SHRIMP:2.4
325,5BetAllInAt12Dollars,12.0,10,12.0,1,9.6,CRAB:2.4|DEER:2.4|FISH:2.4|GOURD:2.4|SHRIMP:2.4
326,5BetAllInAt12Dollars,12.0,10,12.0,1,9.6,CRAB:2.4|DEER:2.4|FISH:2.4|GOURD:2.4|SHRIMP:2.4
327,5BetAllInAt12Dollars,12.0,10,12.0,1,4.8,CRAB:2.4|DEER:2.4|FISH:2.4|GOURD:2.4|SHRIMP:2.4
328,5BetAllInAt12Dollars,12.0,10,12.0,1,4.8,CRAB:2.4|DEER:2.4|FISH:2.4|GOURD:2.4|SHRIMP:2.4
329,5BetAllInAt12Dollars,12.0,10,12.0,10,14.4,CRAB:2.4|DEER:2.4|FISH:2.4|GOURD:2.4|SHRIMP:2.4
330,5BetAllInAt12Dollars,12.0,10,12.0,1,7.2,CRAB:2.4|DEER:2.4|FISH:2.4|GOURD:2.4|SHRIMP:2.4
331,5BetAllInAt12Dollars,12.0,10,12.0,1,9.6,CRAB:2.4|DEER:2.4|FISH:2.4|GOURD:2.4|SHRIMP:2.4
332,5BetAllInAt12Dollars,12.0,10,12.0,5,9.6,CRAB:2.4|DEER:2.4|FISH:2.4|GOURD:2.4|SHRIMP:2.4
333,5BetAllInAt12Dollars,12.0,10,12.0,1,9.6,CRAB:2.4|DEER:2.4|FISH:2.4|GOURD:2.4|SHRIMP:2.4
334,5BetAllInAt12Dollars,12.0,10,12.0,1,9.6,CRAB:2.4|DEER:2.4|FISH:2.4|GOURD:2.4|SHRIMP:2.4
335,5BetAllInAt12Dollars,12.0,10,12.0,1,7.2,CRAB:2.4|DEER:2.4|FISH:2.4|GOURD:2.4|SHRIMP:2.4
336,5BetAllInAt12Dollars,12.0,10,12.0,2,4.8,CRAB:2.4|DEER:2.4|FISH:2.4|GOURD:2.4|SHRIMP:2.4
337,5BetAllInAt12Dollars,12.0,10,12.0,1,4.8,CRAB:2.4|DEER:2.4|FISH:2.4|GOURD:2.4|SHRIMP:2.4
338,5BetAllInAt12Dollars,12.0,10,12.0,2,7.2,CRAB:2.4|DEER:2.4|FISH:2.4|GOURD:2.4|SHRIMP:2.4
339,5BetAllInAt12Dollars,12.0,10,12.0,2,9.6,CRAB:2.4|DEER:2.4|FISH:2.4|GOURD:2.4|SHRIMP:2.4
340,5BetAllInAt12Dollars,12.0,10,12.0,1,9.6,CRAB:2.4|DEER:2.4|FISH:2.4|GOURD:2.4|SHRIMP:2.4
341,5BetAllInAt12Dollars,12.0,10,12.0,2,9.6,CRAB:2.4|DEER:2.4|FISH:2.4|GOURD:2.4|SHRIMP:2.4
342,5BetAllInAt12Dollars,12.0,10,12.0,1,4.8,CRAB:2.4|DEER:2.4|FISH:2.4|GOURD:2.4|SHRIMP:2.4
343,5BetAllInAt12Dollars,12.0,10,12.0,10,9.6,CRAB:2.4|DEER:2.4|FISH:2.4|GOURD:2.4|SHRIMP:2.4
344,5BetAllInAt12Dollars,12.0,10,12.0,10,12.0,CRAB:2.4|DEER:2.4|FISH:2.4|GOURD:2.4|SHRIMP:2.4
345,5BetAllInAt12Dollars,12.0,10,12.0,1,4.8,CRAB:2.4|DEER:2.4|FISH:2.4|GOURD:2.4|SHRIMP:2.4
346,5BetAllInAt12Dollars,12.0,10,12.0,3,4.8,CRAB:2.4|DEER:2.4|FISH:2.4|GOURD:2.4|SHRIMP:2.4
347,5BetAllInAt12Dollars,12.0,10,12.0,2,7.2,CRAB:2.4|DEER:2.4|FISH:2.4|GOURD:2.4|SHRIMP:2.4
348,5BetAllInAt12Dollars,12.0,10,12.0,2,9.6,CRAB:2.4|DEER:2.4|FISH:2.4|GOURD:2.4|SHRIMP:2.4
349,5BetAllInAt12Dollars,12.0,10,12.0,2,9.6,CRAB:2.4|DEER:2.4|FISH:2.4|GOURD:2.4|SHRIMP:2.4
350,5BetAllInAt12Dollars,12.0,10,12.0,4,7.2,CRAB:2.4|DEER:2.4|FISH:2.4|GOURD:2.4|SHRIMP:2.4
351,5BetAllInAt12Dollars,12.0,10,12.0,1,9.6,CRAB:2.4|DEER:2.4|FISH:2.4|GOURD:2.4|SHRIMP:2.4
352,5BetAllInAt12Dollars,12.0,10,12.0,5,7.2,CRAB:2.4|DEER:2.4|FISH:2.4|GOURD:2.4|SHRIMP:2.4
353,5BetAllInAt12Dollars,12.0,10,12.0,10,16.8,CRAB:2.4|DEER:2.4|FISH:2.4|GOURD:2.4|SHRIMP:2.4
354,5BetAllInAt12Dollars,12.0,10,12.0,5,9.6,CRAB:2.4|DEER:2.4|FISH:2.4|GOURD:2.4|SHRIMP:2.4
355,5BetAllInAt12Dollars,12.0,10,12.0,6,9.6,CRAB:2.4|DEER:2.4|FISH:2.4|GOURD:2.4|SHRIMP:2.4
356,5BetAllInAt12Dollars,12.0,10,12.0,2,7.2,CRAB:2.4|DEER:2.4|FISH:2.4|GOURD:2.4|SHRIMP:2.4
357,5BetAllInAt12Dollars,12.0,10,12.0,1,9.6,CRAB:2.4|DEER:2.4|FISH:2.4|GOURD:2.4|SHRIMP:2.4
358,5BetAllInAt12Dollars,12.0,10,12.0,10,16.8,CRAB:2.4|DEER:2.4|FISH:2.4|GOURD:2.4|SHRIMP:2.4
359,5BetAllInAt12Dollars,12.0,10,12.0,1,7.2,CRAB:2.4|DEER:2.4|FISH:2.4|GOURD:2.4|SHRIMP:2.4
360,5BetAllInAt12Dollars,12.0,10,12.0,1,9.6,CRAB:2.4|DEER:2.4|FISH:2.4|GOURD:2.4|SHRIMP:2.4
361,5BetAllInAt12Dollars,12.0,10,12.0,1,7.2,CRAB:2.4|DEER:2.4|FISH:2.4|GOURD:2.4|SHRIMP:2.4
362,5BetAllInAt12Dollars,12.0,10,12.0,3,9.6,CRAB:2.4|DEER:2.4|FISH:2.4|GOURD:2.4|SHRIMP:2.4
363,5BetAllInAt12Dollars,12.0,10,12.0,2,7.2,CRAB:2.4|DEER:2.4|FISH:2.4|GOURD:2.4|SHRIMP:2.4
364,5BetAllInAt12Dollars,12.0,10,12.0,1,9.6,CRAB:2.4|DEER:2.4|FISH:2.4|GOURD:2.4|SHRIMP:2.4
365,5BetAllInAt12Dollars,12.0,10,12.0,1,4.8,CRAB:2.4|DEER:2.4|FISH:2.4|GOURD:2.4|SHRIMP:2.4
366,5BetAllInAt12Dollars,12.0,10,12.0,1,4.8,CRAB:2.4|DEER:2.4|FISH:2.4|GOURD:2.4|SHRIMP:2.4
367,5BetAllInAt12Dollars,12.0,10,12.0,1,9.6,CRAB:2.4|DEER:2.4|FISH:2.4|GOURD:2.4|SHRIMP:2.4
368,5BetAllInAt12Dollars,12.0,10,12.0,1,7.2,CRAB:2.4|DEER:2.4|FISH:2.4|GOURD:2.4|SHRIMP:2.4
369,5BetAllInAt12Dollars,12.0,10,12.0,1,9.6,CRAB:2.4|DEER:2.4|FISH:2.4|GOURD:2.4|SHRIMP:2.4
370,5BetAllInAt12Dollars,12.0,10,12.0,1,9.6,CRAB:2.4|DEER:2.4|FISH:2.4|GOURD:2.4|SHRIMP:2.4
371,5BetAllInAt12Dollars,12.0,10,12.0,6,7.2,CRAB:2.4|DEER:2.4|FISH:2.4|GOURD:2.4|SHRIMP:2.4
372,5BetAllInAt12Dollars,12.0,10,12.0,1,9.6,CRAB:2.4|DEER:2.4|FISH:2.4|GOURD:2.4|SHRIMP:2.4
373,5BetAllInAt12Dollars,12.0,10,12.0,5,7.2,CRAB:2.4|DEER:2.4|FISH:2.4|GOURD:2.4|SHRIMP:2.4
374,5BetAllInAt12Dollars,12.0,10,12.0,4,9.6,CRAB:2.4|DEER:2.4|FISH:2.4|GOURD:2.4|SHRIMP:2.4
375,5BetAllInAt12Dollars,12.0,10,12.0,4,9.6,CRAB:2.4|DEER:2.4|FISH:2.4|GOURD:2.4|SHRIMP:2.4
376,5BetAllInAt12Dollars,12.0,10,12.0,4,7.2,CRAB:2.4|DEER:2.4|FISH:2.4|GOURD:2.4|SHRIMP:2.4
377,5BetAllInAt12Dollars,12.0,10,12.0,1,9.6,CRAB:2.4|DEER:2.4|FISH:2.4|GOURD:2.4|SHRIMP:2.4
378,5BetAllInAt12Dollars,12.0,10,12.0,3,7.2,CRAB:2.4|DEER:2.4|FISH:2.4|GOURD:2.4|SHRIMP:2.4
379,5BetAllInAt12Dollars,12.0,10,12.0,10,16.8,CRAB:2.4|DEER:2.4|FISH:2.4|GOURD:2.4|SHRIMP:2.4
380,5BetAllInAt12Dollars,12.0,10,12.0,2,9.6,CRAB:2.4|DEER:2.4|FISH:2.4|GOURD:2.4|SHRIMP:2.4
381,5BetAllInAt12Dollars,12.0,10,12.0,6,9.6,CRAB:2.4|DEER:2.4|FISH:2.4|GOURD:2.4|SHRIMP:2.4
382,5BetAllInAt12Dollars,12.0,10,12.0,5,7.2,CRAB:2.4|DEER:2.4|FISH:2.4|GOURD:2.4|SHRIMP:2.4
383,5BetAllInAt12Dollars,12.0,10,12.0,1,0.0,CRAB:2.4|DEER:2.4|FISH:2.4|GOURD:2.4|SHRIMP:2.4
384,5BetAllInAt12Dollars,12.0,10,12.0,1,9.6,CRAB:2.4|DEER:2.4|FISH:2.4|GOURD:2.4|SHRIMP:2.4
385,5BetAllInAt12Dollars,12.0,10,12.0,7,9.6,CRAB:2.4|DEER:2.4|FISH:2.4|GOURD:2.4|SHRIMP:2.4
386,5BetAllInAt12Dollars,12.0,10,12.0,10,14.4,CRAB:2.4|DEER:2.4|FISH:2.4|GOURD:2.4|SHRIMP:2.4
387,5BetAllInAt12Dollars,12.0,10,12.0,1,9.6,CRAB:2.4|DEER:2.4|FISH:2.4|GOURD:2.4|SHRIMP:2.4
388,5BetAllInAt12Dollars,12.0,10,12.0,1,7.2,CRAB:2.4|DEER:2.4|FISH:2.4|GOURD:2.4|SHRIMP:2.4
389,5BetAllInAt12Dollars,12.0,10,12.0,2,9.6,CRAB:2.4|DEER:2.4|FISH:2.4|GOURD:2.4|SHRIMP:2.4
390,5BetAllInAt12Dollars,12.0,10,12.0,1,9.6,CRAB:2.4|DEER:2.4|FISH:2.4|GOURD:2.4|SHRIMP:2.4
391,5BetAllInAt12Dollars,12.0,10,12.0,4,7.2,CRAB:2.4|DEER:2.4|FISH:2.4|GOURD:2.4|SHRIMP:2.4
392,5BetAllInAt12Dollars,12.0,10,12.0,8,9.6,CRAB:2.4|DEER:2.4|FISH:2.4|GOURD:2.4|SHRIMP:2.4
393,5BetAllInAt12Dollars,12.0,10,12.0,2,9.6,CRAB:2.4|DEER:2.4|FISH:2.4|GOURD:2.4|SHRIMP:2.4
394,5BetAllInAt12Dollars,12.0,10,12.0,2,9.6,CRAB:2.4|DEER:2.4|FISH:2.4|GOURD:2.4|SHRIMP:2.4
395,5BetAllInAt12Dollars,12.0,10,12.0,6,4.8,CRAB:2.4|DEER:2.4|FISH:2.4|GOURD:2.4|SHRIMP:2.4
396,5BetAllInAt12Dollars,12.0,10,12.0,1,9.6,CRAB:2.4|DEER:2.4|FISH:2.4|GOURD:2.4|SHRIMP:2.4
397,5BetAllInAt12Dollars,12.0,10,12.0,5,9.6,CRAB:2.4|DEER:2.4|FISH:2.4|GOURD:2.4|SHRIMP:2.4
398,5BetAllInAt12Dollars,12.0,10,12.0,2,4.8,CRAB:2.4|DEER:2.4|FISH:2.4|GOURD:2.4|SHRIMP:2.4
399,5BetAllInAt12Dollars,12.0,10,12.0,2,9.6,CRAB:2.4|DEER:2.4|FISH:2.4|GOURD:2.4|SHRIMP:2.4
400,5BetAllInAt12Dollars,12.0,10,12.0,5,9.6,CRAB:2.4|DEER:2.4|FISH:2.4|GOURD:2.4|SHRIMP:2.4
401,5BetAllInAt12Dollars,12.0,10,12.0,1,9.6,CRAB:2.4|DEER:2.4|FISH:2.4|GOURD:2.4|SHRIMP:2.4
402,5BetAllInAt12Dollars,12.0,10,12.0,1,7.2,CRAB:2.4|DEER:2.4|FISH:2.4|GOURD:2.4|SHRIMP:2.4
403,5BetAllInAt12Dollars,12.0,10,12.0,5,4.8,CRAB:2.4|DEER:2.4|FISH:2.4|GOURD:2.4|SHRIMP:2.4
404,5BetAllInAt12Dollars,12.0,10,12.0,5,9.6,CRAB:2.4|DEER:2.4|FISH:2.4|GOURD:2.4|SHRIMP:2.4
405,5BetAllInAt12Dollars,12.0,10,12.0,2,7.2,CRAB:2.4|DEER:2.4|FISH:2.4|GOURD:2.4|SHRIMP:2.4
406,5BetAllInAt12Dollars,12.0,10,12.0,1,9.6,CRAB:2.4|DEER:2.4|FISH:2.4|GOURD:2.4|SHRIMP:2.4
407,5BetAllInAt12Dollars,12.0,10,12.0,1,9.6,CRAB:2.4|DEER:2.4|FISH:2.4|GOURD:2.4|SHRIMP:2.4
408,5BetAllInAt12Dollars,12.0,10,12.0,1,4.8,CRAB:2.4|DEER:2.4|FISH:2.4|GOURD:2.4|SHRIMP:2.4
409,5BetAllInAt12Dollars,12.0,10,12.0,1,9.6,CRAB:2.4|DEER:2.4|FISH:2.4|GOURD:2.4|SHRIMP:2.4
410,5BetAllInAt12Dollars,12.0,10,12.0,2,9.6,CRAB:2.4|DEER:2.4|FISH:2.4|GOURD:2.4|SHRIMP:2.4
411,5BetAllInAt12Dollars,12.0,10,12.0,10,12.0,CRAB:2.4|DEER:2.4|FISH:2.4|GOURD:2.4|SHRIMP:2.4
412,5BetAllInAt12Dollars,12.0,10,12.0,1,9.6,CRAB:2.4|DEER:2.4|FISH:2.4|GOURD:2.4|SHRIMP:2.4
413,5BetAllInAt12Dollars,12.0,10,12.0,1,9.6,CRAB:2.4|DEER:2.4|FISH:2.4|GOURD:2.4|SHRIMP:2.4
414,5BetAllInAt12Dollars,12.0,10,12.0,5,7.2,CRAB:2.4|DEER:2.4|FISH:2.4|GOURD:2.4|SHRIMP:2.4
415,5BetAllInAt12Dollars,12.0,10,12.0,6,9.6,CRAB:2.4|DEER:2.4|FISH:2.4|GOURD:2.4|SHRIMP:2.4
416,5BetAllInAt12Dollars,12.0,10,12.0,8,9.6,CRAB:2.4|DEER:2.4|FISH:2.4|GOURD:2.4|SHRIMP:2.4
417,5BetAllInAt12Dollars,12.0,10,12.0,1,9.6,CRAB:2.4|DEER:2.4|FISH:2.4|GOURD:2.4|SHRIMP:2.4
418,5BetAllInAt12Dollars,12.0,10,12.0,10,12.0,CRAB:2.4|DEER:2.4|FISH:2.4|GOURD:2.4|SHRIMP:2.4
419,5BetAllInAt12Dollars,12.0,10,12.0,2,9.6,CRAB:2.4|DEER:2.4|FISH:2.4|GOURD:2.4|SHRIMP:2.4
420,5BetAllInAt12Dollars,12.0,10,12.0,2,9.6,CRAB:2.4|DEER:2.4|FISH:2.4|GOURD:2.4|SHRIMP:2.4
421,5BetAllInAt12Dollars,12.0,10,12.0,1,9.6,CRAB:2.4|DEER:2.4|FISH:2.4|GOURD:2.4|SHRIMP:2.4
422,5BetAllInAt12Dollars,12.0,10,12.0,1,7.2,CRAB:2.4|DEER:2.4|FISH:2.4|GOURD:2.4|SHRIMP:2.4
423,5BetAllInAt12Dollars,12.0,10,12.0,3,9.6,CRAB:2.4|DEER:2.4|FISH:2.4|GOURD:2.4|SHRIMP:2.4
424,5BetAllInAt12Dollars,12.0,10,12.0,1,7.2,CRAB:2.4|DEER:2.4|FISH:2.4|GOURD:2.4|SHRIMP:2.4
425,5BetAllInAt12Dollars,12.0,10,12.0,1,9.6,CRAB:2.4|DEER:2.4|FISH:2.4|GOURD:2.4|SHRIMP:2.4
426,5BetAllInAt12Dollars,12.0,10,12.0,1,9.6,CRAB:2.4|DEER:2.4|FISH:2.4|GOURD:2.4|SHRIMP:2.4
427,5BetAllInAt12Dollars,12.0,10,12.0,2,9.6,CRAB:2.4|DEER:2.4|FISH:2.4|GOURD:2.4|SHRIMP:2.4
428,5BetAllInAt12Dollars,12.0,10,12.0,1,7.2,CRAB:2.4|DEER:2.4|FISH:2.4|GOURD:2.4|SHRIMP:2.4
429,5BetAllInAt12Dollars,12.0,10,12.0,1,9.6,CRAB:2.4|DEER:2.4|FISH:2.4|GOURD:2.4|SHRIMP:2.4
430,5BetAllInAt12Dollars,12.0,10,12.0,2,9.6,CRAB:2.4|DEER:2.4|FISH:2.4|GOURD:2.4|SHRIMP:2.4
431,5BetAllInAt12Dollars,12.0,10,12.0,1,9.6,CRAB:2.4|DEER:2.4|FISH:2.4|GOURD:2.4|SHRIMP:2.4
432,5BetAllInAt12Dollars,12.0,10,12.0,1,7.2,CRAB:2.4|DEER:2.4|FISH:2.4|GOURD:2.4|SHRIMP:2.4
433,5BetAllInAt12Dollars,12.0,10,12.0,2,7.2,CRAB:2.4|DEER:2.4|FISH:2.4|GOURD:2.4|SHRIMP:2.4
434,5BetAllInAt12Dollars,12.0,10,12.0,1,9.6,CRAB:2.4|DEER:2.4|FISH:2.4|GOURD:2.4|SHRIMP:2.4
435,5BetAllInAt12Dollars,12.0,10,12.0,9,9.6,CRAB:2.4|DEER:2.4|FISH:2.4|GOURD:2.4|SHRIMP:2.4
436,5BetAllInAt12Dollars,12.0,10,12.0,8,9.6,CRAB:2.4|DEER:2.4|FISH:2.4|GOURD:2.4|SHRIMP:2.4
437,5BetAllInAt12Dollars,12.0,10,12.0,1,4.8,CRAB:2.4|DEER:2.4|FISH:2.4|GOURD:2.4|SHRIMP:2.4
438,5BetAllInAt12Dollars,12.0,10,12.0,1,9.6,CRAB:2.4|DEER:2.4|FISH:2.4|GOURD:2.4|SHRIMP:2.4
439,5BetAllInAt12Dollars,12.0,10,12.0,1,9.6,CRAB:2.4|DEER:2.4|FISH:2.4|GOURD:2.4|SHRIMP:2.4
440,5BetAllInAt12Dollars,12.0,10,12.0,1,9.6,CRAB:2.4|DEER:2.4|FISH:2.4|GOURD:2.4|SHRIMP:2.4
441,5BetAllInAt12Dollars,12.0,10,12.0,1,9.6,CRAB:2.4|DEER:2.4|FISH:2.4|GOURD:2.4|SHRIMP:2.4
442,5BetAllInAt12Dollars,12.0,10,12.0,1,9.6,CRAB:2.4|DEER:2.4|FISH:2.4|GOURD:2.4|SHRIMP:2.4
443,5BetAllInAt12Dollars,12.0,10,12.0,2,9.6,CRAB:2.4|DEER:2.4|FISH:2.4|GOURD:2.4|SHRIMP:2.4
444,5BetAllInAt12Dollars,12.0,10,12.0,9,9.6,CRAB:2.4|DEER:2.4|FISH:2.4|GOURD:2.4|SHRIMP:2.4
445,5BetAllInAt12Dollars,12.0,10,12.0,4,9.6,CRAB:2.4|DEER:2.4|FISH:2.4|GOURD:2.4|SHRIMP:2.4
446,5BetAllInAt12Dollars,12.0,10,12.0,10,12.0,CRAB:2.4|DEER:2.4|FISH:2.4|GOURD:2.4|SHRIMP:2.4
447,5BetAllInAt12Dollars,12.0,10,12.0,1,9.6,CRAB:2.4|DEER:2.4|FISH:2.4|GOURD:2.4|SHRIMP:2.4
448,5BetAllInAt12Dollars,12.0,10,12.0,1,9.6,CRAB:2.4|DEER:2.4|FISH:2.4|GOURD:2.4|SHRIMP:2.4
449,5BetAllInAt12Dollars,12.0,10,12.0,3,9.6,CRAB:2.4|DEER:2.4|FISH:2.4|GOURD:2.4|SHRIMP:2.4
450,5BetAllInAt12Dollars,12.0,10,12.0,2,9.6,CRAB:2.4|DEER:2.4|FISH:2.4|GOURD:2.4|SHRIMP:2.4
451,5BetAllInAt12Dollars,12.0,10,12.0,4,9.6,CRAB:2.4|DEER:2.4|FISH:2.4|GOURD:2.4|SHRIMP:2.4
452,5BetAllInAt12Dollars,12.0,10,12.0,1,9.6,CRAB:2.4|DEER:2.4|FISH:2.4|GOURD:2.4|SHRIMP:2.4
453,5BetAllInAt12Dollars,12.0,10,12.0,4,9.6,CRAB:2.4|DEER:2.4|FISH:2.4|GOURD:2.4|SHRIMP:2.4
454,5BetAllInAt12Dollars,12.0,10,12.0,10,14.4,CRAB:2.4|DEER:2.4|FISH:2.4|GOURD:2.4|SHRIMP:2.4
455,5BetAllInAt12Dollars,12.0,10,12.0,1,9.6,CRAB:2.4|DEER:2.4|FISH:2.4|GOURD:2.4|SHRIMP:2.4
456,5BetAllInAt12Dollars,12.0,10,12.0,1,7.2,CRAB:2.4|DEER:2.4|FISH:2.4|GOURD:2.4|SHRIMP:2.4
457,5BetAllInAt12Dollars,12.0,10,12.0,6,9.6,CRAB:2.4|DEER:2.4|FISH:2.4|GOURD:2.4|SHRIMP:2.4
458,5BetAllInAt12Dollars,12.0,10,12.0,7,9.6,CRAB:2.4|DEER:2.4|FISH:2.4|GOURD:2.4|SHRIMP:2.4
459,5BetAllInAt12Dollars,12.0,10,12.0,1,9.6,CRAB:2.4|DEER:2.4|FISH:2.4|GOURD:2.4|SHRIMP:2.4
460,5BetAllInAt12Dollars,12.0,10,12.0,10,16.8,CRAB:2.4|DEER:2.4|FISH:2.4|GOURD:2.4|SHRIMP:2.4
461,5BetAllInAt12Dollars,12.0,10,12.0,10,12.0,CRAB:2.4|DEER:2.4|FISH:2.4|GOURD:2.4|SHRIMP:2.4
462,5BetAllInAt12Dollars,12.0,10,12.0,1,7.2,CRAB:2.4|DEER:2.4|FISH:2.4|GOURD:2.4|SHRIMP:2.4
463,5BetAllInAt12Dollars,12.0,10,12.0,2,7.2,CRAB:2.4|DEER:2.4|FISH:2.4|GOURD:2.4|SHRIMP:2.4
464,5BetAllInAt12Dollars,12.0,10,12.0,10,19.2,CRAB:2.4|DEER:2.4|FISH:2.4|GOURD:2.4|SHRIMP:2.4
465,5BetAllInAt12Dollars,12.0,10,12.0,10,14.4,CRAB:2.4|DEER:2.4|FISH:2.4|GOURD:2.4|SHRIMP:2.4
466,5BetAllInAt12Dollars,12.0,10,12.0,2,9.6,CRAB:2.4|DEER:2.4|FISH:2.4|GOURD:2.4|SHRIMP:2.4
467,5BetAllInAt12Dollars,12.0,10,12.0,1,9.6,CRAB:2.4|DEER:2.4|FISH:2.4|GOURD:2.4|SHRIMP:2.4
468,5BetAllInAt12Dollars,12.0,10,12.0,1,9.6,CRAB:2.4|DEER:2.4|FISH:2.4|GOURD:2.4|SHRIMP:2.4
469,5BetAllInAt12Dollars,12.0,10,12.0,4,9.6,CRAB:2.4|DEER:2.4|FISH:2.4|GOURD:2.4|SHRIMP:2.4
470,5BetAllInAt12Dollars,12.0,10,12.0,1,9.6,CRAB:2.4|DEER:2.4|FISH:2.4|GOURD:2.4|SHRIMP:2.4
471,5BetAllInAt12Dollars,12.0,10,12.0,1,9.6,CRAB:2.4|DEER:2.4|FISH:2.4|GOURD:2.4|SHRIMP:2.4
472,5BetAllInAt12Dollars,12.0,10,12.0,10,9.6,CRAB:2.4|DEER:2.4|FISH:2.4|GOURD:2.4|SHRIMP:2.4
473,5BetAllInAt12Dollars,12.0,10,12.0,5,4.8,CRAB:2.4|DEER:2.4|FISH:2.4|GOURD:2.4|SHRIMP:2.4
474,5BetAllInAt12Dollars,12.0,10,12.0,1,4.8,CRAB:2.4|DEER:2.4|FISH:2.4|GOURD:2.4|SHRIMP:2.4
475,5BetAllInAt12Dollars,12.0,10,12.0,1,7.2,CRAB:2.4|DEER:2.4|FISH:2.4|GOURD:2.4|SHRIMP:2.4
476,5BetAllInAt12Dollars,12.0,10,12.0,2,2.4,CRAB:2.4|DEER:2.4|FISH:2.4|GOURD:2.4|SHRIMP:2.4
477,5BetAllInAt12Dollars,12.0,10,12.0,1,9.6,CRAB:2.4|DEER:2.4|FISH:2.4|GOURD:2.4|SHRIMP:2.4
478,5BetAllInAt12Dollars,12.0,10,12.0,4,9.6,CRAB:2.4|DEER:2.4|FISH:2.4|GOURD:2.4|SHRIMP:2.4
479,5BetAllInAt12Dollars,12.0,10,12.0,8,9.6,CRAB:2.4|DEER:2.4|FISH:2.4|GOURD:2.4|SHRIMP:2.4
480,5BetAllInAt12Dollars,12.0,10,12.0,5,9.6,CRAB:2.4|DEER:2.4|FISH:2.4|GOURD:2.4|SHRIMP:2.4
481,5BetAllInAt12Dollars,12.0,10,12.0,10,9.6,CRAB:2.4|DEER:2.4|FISH:2.4|GOURD:2.4|SHRIMP:2.4
482,5BetAllInAt12Dollars,12.0,10,12.0,1,7.2,CRAB:2.4|DEER:2.4|FISH:2.4|GOURD:2.4|SHRIMP:2.4
483,5BetAllInAt12Dollars,12.0,10,12.0,3,9.6,CRAB:2.4|DEER:2.4|FISH:2.4|GOURD:2.4|SHRIMP:2.4
484,5BetAllInAt12Dollars,12.0,10,12.0,10,33.6,CRAB:2.4|DEER:2.4|FISH:2.4|GOURD:2.4|SHRIMP:2.4
485,5BetAllInAt12Dollars,12.0,10,12.0,5,7.2,CRAB:2.4|DEER:2.4|FISH:2.4|GOURD:2.4|SHRIMP:2.4
486,5BetAllInAt12Dollars,12.0,10,12.0,2,7.2,CRAB:2.4|DEER:2.4|FISH:2.4|GOURD:2.4|SHRIMP:2.4
487,5BetAllInAt12Dollars,12.0,10,12.0,2,7.2,CRAB:2.4|DEER:2.4|FISH:2.4|GOURD:2.4|SHRIMP:2.4
488,5BetAllInAt12Dollars,12.0,10,12.0,2,4.8,CRAB:2.4|DEER:2.4|FISH:2.4|GOURD:2.4|SHRIMP:2.4
489,5BetAllInAt12Dollars,12.0,10,12.0,10,14.4,CRAB:2.4|DEER:2.4|FISH:2.4|GOURD:2.4|SHRIMP:2.4
490,5BetAllInAt12Dollars,12.0,10,12.0,1,7.2,CRAB:2.4|DEER:2.4|FISH:2.4|GOURD:2.4|SHRIMP:2.4
491,5BetAllInAt12Dollars,12.0,10,12.0,3,9.6,CRAB:2.4|DEER:2.4|FISH:2.4|GOURD:2.4|SHRIMP:2.4
492,5BetAllInAt12Dollars,12.0,10,12.0,1,9.6,CRAB:2.4|DEER:2.4|FISH:2.4|GOURD:2.4|SHRIMP:2.4
493,5BetAllInAt12Dollars,12.0,10,12.0,2,9.6,CRAB:2.4|DEER:2.4|FISH:2.4|GOURD:2.4|SHRIMP:2.4
494,5BetAllInAt12Dollars,12.0,10,12.0,10,21.6,CRAB:2.4|DEER:2.4|FISH:2.4|GOURD:2.4|SHRIMP:2.4
495,5BetAllInAt12Dollars,12.0,10,12.0,2,9.6,CRAB:2.4|DEER:2.4|FISH:2.4|GOURD:2.4|SHRIMP:2.4
496,5BetAllInAt12Dollars,12.0,10,12.0,1,9.6,CRAB:2.4|DEER:2.4|FISH:2.4|GOURD:2.4|SHRIMP:2.4
497,5BetAllInAt12Dollars,12.0,10,12.0,7,9.6,CRAB:2.4|DEER:2.4|FISH:2.4|GOURD:2.4|SHRIMP:2.4
498,5BetAllInAt12Dollars,12.0,10,12.0,1,4.8,CRAB:2.4|DEER:2.4|FISH:2.4|GOURD:2.4|SHRIMP:2.4
499,5BetAllInAt12Dollars,12.0,10,12.0,1,9.6,CRAB:2.4|DEER:2.4|FISH:2.4|GOURD:2.4|SHRIMP:2.4
500,5BetAllInAt12Dollars,12.0,10,12.0,10,9.6,CRAB:2.4|DEER:2.4|FISH:2.4|GOURD:2.4|SHRIMP:2.4
501,5BetAllInAt12Dollars,12.0,10,12.0,1,9.6,CRAB:2.4|DEER:2.4|FISH:2.4|GOURD:2.4|SHRIMP:2.4
502,5BetAllInAt12Dollars,12.0,10,12.0,1,4.8,CRAB:2.4|DEER:2.4|FISH:2.4|GOURD:2.4|SHRIMP:2.4
503,5BetAllInAt12Dollars,12.0,10,12.0,4,7.2,CRAB:2.4|DEER:2.4|FISH:2.4|GOURD:2.4|SHRIMP:2.4
504,5BetAllInAt12Dollars,12.0,10,12.0,10,9.6,CRAB:2.4|DEER:2.4|FISH:2.4|GOURD:2.4|SHRIMP:2.4
505,5BetAllInAt12Dollars,12.0,10,12.0,10,12.0,CRAB:2.4|DEER:2.4|FISH:2.4|GOURD:2.4|SHRIMP:2.4
506,5BetAllInAt12Dollars,12.0,10,12.0,3,9.6,CRAB:2.4|DEER:2.4|FISH:2.4|GOURD:2.4|SHRIMP:2.4
507,5BetAllInAt12Dollars,12.0,10,12.0,1,9.6,CRAB:2.4|DEER:2.4|FISH:2.4|GOURD:2.4|SHRIMP:2.4
508,5BetAllInAt12Dollars,12.0,10,12.0,7,9.6,CRAB:2.4|DEER:2.4|FISH:2.4|GOURD:2.4|SHRIMP:2.4
509,5BetAllInAt12Dollars,12.0,10,12.0,1,9.6,CRAB:2.4|DEER:2.4|FISH:2.4|GOURD:2.4|SHRIMP:2.4
510,5BetAllInAt12Dollars,12.0,10,12.0,4,9.6,CRAB:2.4|DEER:2.4|FISH:2.4|GOURD:2.4|SHRIMP:2.4
511,5BetAllInAt12Dollars,12.0,10,12.0,2,7.2,CRAB:2.4|DEER:2.4|FISH:2.4|GOURD:2.4|SHRIMP:2.4
512,5BetAllInAt12Dollars,12.0,10,12.0,1,7.2,CRAB:2.4|DEER:2.4|FISH:2.4|GOURD:2.4|SHRIMP:2.4
513,5BetAllInAt12Dollars,12.0,10,12.0,2,9.6,CRAB:2.4|DEER:2.4|FISH:2.4|GOURD:2.4|SHRIMP:2.4
514,5BetAllInAt12Dollars,12.0,10,12.0,1,9.6,CRAB:2.4|DEER:2.4|FISH:2.4|GOURD:2.4|SHRIMP:2.4
515,5BetAllInAt12Dollars,12.0,10,12.0,1,9.6,CRAB:2.4|DEER:2.4|FISH:2.4|GOURD:2.4|SHRIMP:2.4
516,5BetAllInAt12Dollars,12.0,10,12.0,10,12.0,CRAB:2.4|DEER:2.4|FISH:2.4|GOURD:2.4|SHRIMP:2.4
517,5BetAllInAt12Dollars,12.0,10,12.0,4,7.2,CRAB:2.4|DEER:2.4|FISH:2.4|GOURD:2.4|SHRIMP:2.4
518,5BetAllInAt12Dollars,12.0,10,12.0,10,9.6,CRAB:2.4|DEER:2.4|FISH:2.4|GOURD:2.4|SHRIMP:2.4
519,5BetAllInAt12Dollars,12.0,10,12.0,10,14.4,CRAB:2.4|DEER:2.4|FISH:2.4|GOURD:2.4|SHRIMP:2.4
520,5BetAllInAt12Dollars,12.0,10,12.0,1,9.6,CRAB:2.4|DEER:2.4|FISH:2.4|GOURD:2.4|SHRIMP:2.4
521,5BetAllInAt12Dollars,12.0,10,12.0,3,4.8,CRAB:2.4|DEER:2.4|FISH:2.4|GOURD:2.4|SHRIMP:2.4
522,5BetAllInAt12Dollars,12.0,10,12.0,1,9.6,CRAB:2.4|DEER:2.4|FISH:2.4|GOURD:2.4|SHRIMP:2.4
523,5BetAllInAt12Dollars,12.0,10,12.0,5,7.2,CRAB:2.4|DEER:2.4|FISH:2.4|GOURD:2.4|SHRIMP:2.4
524,5BetAllInAt12Dollars,12.0,10,12.0,10,24.0,CRAB:2.4|DEER:2.4|FISH:2.4|GOURD:2.4|SHRIMP:2.4
525,5BetAllInAt12Dollars,12.0,10,12.0,1,9.6,CRAB:2.4|DEER:2.4|FISH:2.4|GOURD:2.4|SHRIMP:2.4
526,5BetAllInAt12Dollars,12.0,10,12.0,2,7.2,CRAB:2.4|DEER:2.4|FISH:2.4|GOURD:2.4|SHRIMP:2.4
527,5BetAllInAt12Dollars,12.0,10,12.0,1,7.2,CRAB:2.4|DEER:2.4|FISH:2.4|GOURD:2.4|SHRIMP:2.4
528,5BetAllInAt12Dollars,12.0,10,12.0,2,9.6,CRAB:2.4|DEER:2.4|FISH:2.4|GOURD:2.4|SHRIMP:2.4
529,5BetAllInAt12Dollars,12.0,10,12.0,1,9.6,CRAB:2.4|DEER:2.4|FISH:2.4|GOURD:2.4|SHRIMP:2.4
530,5BetAllInAt12Dollars,12.0,10,12.0,6,9.6,CRAB:2.4|DEER:2.4|FISH:2.4|GOURD:2.4|SHRIMP:2.4
531,5BetAllInAt12Dollars,12.0,10,12.0,10,12.0,CRAB:2.4|DEER:2.4|FISH:2.4|GOURD:2.4|SHRIMP:2.4
532,5BetAllInAt12Dollars,12.0,10,12.0,1,4.8,CRAB:2.4|DEER:2.4|FISH:2.4|GOURD:2.4|SHRIMP:2.4
533,5BetAllInAt12Dollars,12.0,10,12.0,2,7.2,CRAB:2.4|DEER:2.4|FISH:2.4|GOURD:2.4|SHRIMP:2.4
534,5BetAllInAt12Dollars,12.0,10,12.0,8,9.6,CRAB:2.4|DEER:2.4|FISH:2.4|GOURD:2.4|SHRIMP:2.4
535,5BetAllInAt12Dollars,12.0,10,12.0,2,9.6,CRAB:2.4|DEER:2.4|FISH:2.4|GOURD:2.4|SHRIMP:2.4
536,5BetAllInAt12Dollars,12.0,10,12.0,1,9.6,CRAB:2.4|DEER:2.4|FISH:2.4|GOURD:2.4|SHRIMP:2.4
537,5BetAllInAt12Dollars,12.0,10,12.0,2,9.6,CRAB:2.4|DEER:2.4|FISH:2.4|GOURD:2.4|SHRIMP:2.4
538,5BetAllInAt12Dollars,12.0,10,12.0,4,4.8,CRAB:2.4|DEER:2.4|FISH:2.4|GOURD:2.4|SHRIMP:2.4
539,5BetAllInAt12Dollars,12.0,10,12.0,2,9.6,CRAB:2.4|DEER:2.4|FISH:2.4|GOURD:2.4|SHRIMP:2.4
540,5BetAllInAt12Dollars,12.0,10,12.0,1,9.6,CRAB:2.4|DEER:2.4|FISH:2.4|GOURD:2.4|SHRIMP:2.4
541,5BetAllInAt12Dollars,12.0,10,12.0,1,9.6,CRAB:2.4|DEER:2.4|FISH:2.4|GOURD:2.4|SHRIMP:2.4
542,5BetAllInAt12Dollars,12.0,10,12.0,1,9.6,CRAB:2.4|DEER:2.4|FISH:2.4|GOURD:2.4|SHRIMP:2.4
543,5BetAllInAt12Dollars,12.0,10,12.0,5,9.6,CRAB:2.4|DEER:2.4|FISH:2.4|GOURD:2.4|SHRIMP:2.4
544,5BetAllInAt12Dollars,12.0,10,12.0,7,9.6,CRAB:2.4|DEER:2.4|FISH:2.4|GOURD:2.4|SHRIMP:2.4
545,5BetAllInAt12Dollars,12.0,10,12.0,1,9.6,CRAB:2.4|DEER:2.4|FISH:2.4|GOURD:2.4|SHRIMP:2.4
546,5BetAllInAt12Dollars,12.0,10,12.0,1,9.6,CRAB:2.4|DEER:2.4|FISH:2.4|GOURD:2.4|SHRIMP:2.4
547,5BetAllInAt12Dollars,12.0,10,12.0,2,9.6,CRAB:2.4|DEER:2.4|FISH:2.4|GOURD:2.4|SHRIMP:2.4
548,5BetAllInAt12Dollars,12.0,10,12.0,2,9.6,CRAB:2.4|DEER:2.4|FISH:2.4|GOURD:2.4|SHRIMP:2.4
549,5BetAllInAt12Dollars,12.0,10,12.0,1,9.6,CRAB:2.4|DEER:2.4|FISH:2.4|GOURD:2.4|SHRIMP:2.4
550,5BetAllInAt12Dollars,12.0,10,12.0,1,7.2,CRAB:2.4|DEER:2.4|FISH:2.4|GOURD:2.4|SHRIMP:2.4
551,5BetAllInAt12Dollars,12.0,10,12.0,5,7.2,CRAB:2.4|DEER:2.4|FISH:2.4|GOURD:2.4|SHRIMP:2.4
552,5BetAllInAt12Dollars,12.0,10,12.0,10,12.0,CRAB:2.4|DEER:2.4|FISH:2.4|GOURD:2.4|SHRIMP:2.4
553,5BetAllInAt12Dollars,12.0,10,12.0,2,7.2,CRAB:2.4|DEER:2.4|FISH:2.4|GOURD:2.4|SHRIMP:2.4
554,5BetAllInAt12Dollars,12.0,10,12.0,10,14.4,CRAB:2.4|DEER:2.4|FISH:2.4|GOURD:2.4|SHRIMP:2.4
555,5BetAllInAt12Dollars,12.0,10,12.0,1,9.6,CRAB:2.4|DEER:2.4|FISH:2.4|GOURD:2.4|SHRIMP:2.4
556,5BetAllInAt12Dollars,12.0,10,12.0,6,7.2,CRAB:2.4|DEER:2.4|FISH:2.4|GOURD:2.4|SHRIMP:2.4
557,5BetAllInAt12Dollars,12.0,10,12.0,1,4.8,CRAB:2.4|DEER:2.4|FISH:2.4|GOURD:2.4|SHRIMP:2.4
558,5BetAllInAt12Dollars,12.0,10,12.0,7,9.6,CRAB:2.4|DEER:2.4|FISH:2.4|GOURD:2.4|SHRIMP:2.4
559,5BetAllInAt12Dollars,12.0,10,12.0,2,7.2,CRAB:2.4|DEER:2.4|FISH:2.4|GOURD:2.4|SHRIMP:2.4
560,5BetAllInAt12Dollars,12.0,10,12.0,1,7.2,CRAB:2.4|DEER:2.4|FISH:2.4|GOURD:2.4|SHRIMP:2.4
561,5BetAllInAt12Dollars,12.0,10,12.0,1,7.2,CRAB:2.4|DEER:2.4|FISH:2.4|GOURD:2.4|SHRIMP:2.4
562,5BetAllInAt12Dollars,12.0,10,12.0,4,9.6,CRAB:2.4|DEER:2.4|FISH:2.4|GOURD:2.4|SHRIMP:2.4
563,5BetAllInAt12Dollars,12.0,10,12.0,1,9.6,CRAB:2.4|DEER:2.4|FISH:2.4|GOURD:2.4|SHRIMP:2.4
564,5BetAllInAt12Dollars,12.0,10,12.0,1,4.8,CRAB:2.4|DEER:2.4|FISH:2.4|GOURD:2.4|SHRIMP:2.4
565,5BetAllInAt12Dollars,12.0,10,12.0,2,9.6,CRAB:2.4|DEER:2.4|FISH:2.4|GOURD:2.4|SHRIMP:2.4
566,5BetAllInAt12Dollars,12.0,10,12.0,2,9.6,CRAB:2.4|DEER:2.4|FISH:2.4|GOURD:2.4|SHRIMP:2.4
567,5BetAllInAt12Dollars,12.0,10,12.0,1,4.8,CRAB:2.4|DEER:2.4|FISH:2.4|GOURD:2.4|SHRIMP:2.4
568,5BetAllInAt12Dollars,12.0,10,12.0,1,7.2,CRAB:2.4|DEER:2.4|FISH:2.4|GOURD:2.4|SHRIMP:2.4
569,5BetAllInAt12Dollars,12.0,10,12.0,5,4.8,CRAB:2.4|DEER:2.4|FISH:2.4|GOURD:2.4|SHRIMP:2.4
570,5BetAllInAt12Dollars,12.0,10,12.0,1,4.8,CRAB:2.4|DEER:2.4|FISH:2.4|GOURD:2.4|SHRIMP:2.4
571,5BetAllInAt12Dollars,12.0,10,12.0,1,9.6,CRAB:2.4|DEER:2.4|FISH:2.4|GOURD:2.4|SHRIMP:2.4
572,5BetAllInAt12Dollars,12.0,10,12.0,2,7.2,CRAB:2.4|DEER:2.4|FISH:2.4|GOURD:2.4|SHRIMP:2.4
573,5BetAllInAt12Dollars,12.0,10,12.0,8,7.2,CRAB:2.4|DEER:2.4|FISH:2.4|GOURD:2.4|SHRIMP:2.4
574,5BetAllInAt12Dollars,12.0,10,12.0,1,9.6,CRAB:2.4|DEER:2.4|FISH:2.4|GOURD:2.4|SHRIMP:2.4
575,5BetAllInAt12Dollars,12.0,10,12.0,2,9.6,CRAB:2.4|DEER:2.4|FISH:2.4|GOURD:2.4|SHRIMP:2.4
576,5BetAllInAt12Dollars,12.0,10,12.0,2,7.2,CRAB:2.4|DEER:2.4|FISH:2.4|GOURD:2.4|SHRIMP:2.4
577,5BetAllInAt12Dollars,12.0,10,12.0,4,9.6,CRAB:2.4|DEER:2.4|FISH:2.4|GOURD:2.4|SHRIMP:2.4
578,5BetAllInAt12Dollars,12.0,10,12.0,1,4.8,CRAB:2.4|DEER:2.4|FISH:2.4|GOURD:2.4|SHRIMP:2.4
579,5BetAllInAt12Dollars,12.0,10,12.0,1,7.2,CRAB:2.4|DEER:2.4|FISH:2.4|GOURD:2.4|SHRIMP:2.4
580,5BetAllInAt12Dollars,12.0,10,12.0,1,9.6,CRAB:2.4|DEER:2.4|FISH:2.4|GOURD:2.4|SHRIMP:2.4
581,5BetAllInAt12Dollars,12.0,10,12.0,2,9.6,CRAB:2.4|DEER:2.4|FISH:2.4|GOURD:2.4|SHRIMP:2.4
582,5BetAllInAt12Dollars,12.0,10,12.0,3,9.6,CRAB:2.4|DEER:2.4|FISH:2.4|GOURD:2.4|SHRIMP:2.4
583,5BetAllInAt12Dollars,12.0,10,12.0,1,4.8,CRAB:2.4|DEER:2.4|FISH:2.4|GOURD:2.4|SHRIMP:2.4
584,5BetAllInAt12Dollars,12.0,10,12.0,3,7.2,CRAB:2.4|DEER:2.4|FISH:2.4|GOURD:2.4|SHRIMP:2.4
585,5BetAllInAt12Dollars,12.0,10,12.0,4,9.6,CRAB:2.4|DEER:2.4|FISH:2.4|GOURD:2.4|SHRIMP:2.4
586,5BetAllInAt12Dollars,12.0,10,12.0,2,9.6,CRAB:2.4|DEER:2.4|FISH:2.4|GOURD:2.4|SHRIMP:2.4
587,5BetAllInAt12Dollars,12.0,10,12.0,1,9.6,CRAB:2.4|DEER:2.4|FISH:2.4|GOURD:2.4|SHRIMP:2.4
588,5BetAllInAt12Dollars,12.0,10,12.0,1,9.6,CRAB:2.4|DEER:2.4|FISH:2.4|GOURD:2.4|SHRIMP:2.4
589,5BetAllInAt12Dollars,12.0,10,12.0,1,4.8,CRAB:2.4|DEER:2.4|FISH:2.4|GOURD:2.4|SHRIMP:2.4
590,5BetAllInAt12Dollars,12.0,10,12.0,1,4.8,CRAB:2.4|DEER:2.4|FISH:2.4|GOURD:2.4|SHRIMP:2.4
591,5BetAllInAt12Dollars,12.0,10,12.0,10,9.6,CRAB:2.4|DEER:2.4|FISH:2.4|GOURD:2.4|SHRIMP:2.4
592,5BetAllInAt12Dollars,12.0,10,12.0,1,9.6,CRAB:2.4|DEER:2.4|FISH:2.4|GOURD:2.4|SHRIMP:2.4
593,5BetAllInAt12Dollars,12.0,10,12.0,1,9.6,CRAB:2.4|DEER:2.4|FISH:2.4|GOURD:2.4|SHRIMP:2.4
594,5BetAllInAt12Dollars,12.0,10,12.0,1,9.6,CRAB:2.4|DEER:2.4|FISH:2.4|GOURD:2.4|SHRIMP:2.4
595,5BetAllInAt12Dollars,12.0,10,12.0,1,4.8,CRAB:2.4|DEER:2.4|FISH:2.4|GOURD:2.4|SHRIMP:2.4
596,5BetAllInAt12Dollars,12.0,10,12.0,1,9.6,CRAB:2.4|DEER:2.4|FISH:2.4|GOURD:2.4|SHRIMP:2.4
597,5BetAllInAt12Dollars,12.0,10,12.0,1,7.2,CRAB:2.4|DEER:2.4|FISH:2.4|GOURD:2.4|SHRIMP:2.4
598,5BetAllInAt12Dollars,12.0,10,12.0,1,9.6,CRAB:2.4|DEER:2.4|FISH:2.4|GOURD:2.4|SHRIMP:2.4
599,5BetAllInAt12Dollars,12.0,10,12.0,7,4.8,CRAB:2.4|DEER:2.4|FISH:2.4|GOURD:2.4|SHRIMP:2.4
600,5BetAllInAt12Dollars,12.0,10,12.0,1,4.8,CRAB:2.4|DEER:2.4|FISH:2.4|GOURD:2.4|SHRIMP:2.4
601,5BetAllInAt12Dollars,12.0,10,12.0,3,9.6,CRAB:2.4|DEER:2.4|FISH:2.4|GOURD:2.4|SHRIMP:2.4
602,5BetAllInAt12Dollars,12.0,10,12.0,1,4.8,CRAB:2.4|DEER:2.4|FISH:2.4|GOURD:2.4|SHRIMP:2.4
603,5BetAllInAt12Dollars,12.0,10,12.0,1,4.8,CRAB:2.4|DEER:2.4|FISH:2.4|GOURD:2.4|SHRIMP:2.4
604,5BetAllInAt12Dollars,12.0,10,12.0,7,9.6,CRAB:2.4|DEER:2.4|FISH:2.4|GOURD:2.4|SHRIMP:2.4
605,5BetAllInAt12Dollars,12.0,10,12.0,1,9.6,CRAB:2.4|DEER:2.4|FISH:2.4|GOURD:2.4|SHRIMP:2.4
606,5BetAllInAt12Dollars,12.0,10,12.0,1,9.6,CRAB:2.4|DEER:2.4|FISH:2.4|GOURD:2.4|SHRIMP:2.4
607,5BetAllInAt12Dollars,12.0,10,12.0,1,7.2,CRAB:2.4|DEER:2.4|FISH:2.4|GOURD:2.4|SHRIMP:2.4
608,5BetAllInAt12Dollars,12.0,10,12.0,1,9.6,CRAB:2.4|DEER:2.4|FISH:2.4|GOURD:2.4|SHRIMP:2.4
609,5BetAllInAt12Dollars,12.0,10,12.0,5,9.6,CRAB:2.4|DEER:2.4|FISH:2.4|GOURD:2.4|SHRIMP:2.4
610,5BetAllInAt12Dollars,12.0,10,12.0,1,9.6,CRAB:2.4|DEER:2.4|FISH:2.4|GOURD:2.4|SHRIMP:2.4
611,5BetAllInAt12Dollars,12.0,10,12.0,2,9.6,CRAB:2.4|DEER:2.4|FISH:2.4|GOURD:2.4|SHRIMP:2.4
612,5BetAllInAt12Dollars,12.0,10,12.0,10,12.0,CRAB:2.4|DEER:2.4|FISH:2.4|GOURD:2.4|SHRIMP:2.4
613,5BetAllInAt12Dollars,12.0,10,12.0,10,16.8,CRAB:2.4|DEER:2.4|FISH:2.4|GOURD:2.4|SHRIMP:2.4
614,5BetAllInAt12Dollars,12.0,10,12.0,1,9.6,CRAB:2.4|DEER:2.4|FISH:2.4|GOURD:2.4|SHRIMP:2.4
615,5BetAllInAt12Dollars,12.0,10,12.0,1,9.6,CRAB:2.4|DEER:2.4|FISH:2.4|GOURD:2.4|SHRIMP:2.4
616,5BetAllInAt12Dollars,12.0,10,12.0,1,9.6,CRAB:2.4|DEER:2.4|FISH:2.4|GOURD:2.4|SHRIMP:2.4
617,5BetAllInAt12Dollars,12.0,10,12.0,5,7.2,CRAB:2.4|DEER:2.4|FISH:2.4|GOURD:2.4|SHRIMP:2.4
618,5BetAllInAt12Dollars,12.0,10,12.0,1,9.6,CRAB:2.4|DEER:2.4|FISH:2.4|GOURD:2.4|SHRIMP:2.4
619,5BetAllInAt12Dollars,12.0,10,12.0,1,9.6,CRAB:2.4|DEER:2.4|FISH:2.4|GOURD:2.4|SHRIMP:2.4
620,5BetAllInAt12Dollars,12.0,10,12.0,5,9.6,CRAB:2.4|DEER:2.4|FISH:2.4|GOURD:2.4|SHRIMP:2.4
621,5BetAllInAt12Dollars,12.0,10,12.0,10,16.8,CRAB:2.4|DEER:2.4|FISH:2.4|GOURD:2.4|SHRIMP:2.4
622,5BetAllInAt12Dollars,12.0,10,12.0,2,9.6,CRAB:2.4|DEER:2.4|FISH:2.4|GOURD:2.4|SHRIMP:2.4
623,5BetAllInAt12Dollars,12.0,10,12.0,2,9.6,CRAB:2.4|DEER:2.4|FISH:2.4|GOURD:2.4|SHRIMP:2.4
624,5BetAllInAt12Dollars,12.0,10,12.0,1,9.6,CRAB:2.4|DEER:2.4|FISH:2.4|GOURD:2.4|SHRIMP:2.4
625,5BetAllInAt12Dollars,12.0,10,12.0,1,9.6,CRAB:2.4|DEER:2.4|FISH:2.4|GOURD:2.4|SHRIMP:2.4
626,5BetAllInAt12Dollars,12.0,10,12.0,1,9.6,CRAB:2.4|DEER:2.4|FISH:2.4|GOURD:2.4|SHRIMP:2.4
627,5BetAllInAt12Dollars,12.0,10,12.0,3,9.6,CRAB:2.4|DEER:2.4|FISH:2.4|GOURD:2.4|SHRIMP:2.4
628,5BetAllInAt12Dollars,12.0,10,12.0,1,9.6,CRAB:2.4|DEER:2.4|FISH:2.4|GOURD:2.4|SHRIMP:2.4
629,5BetAllInAt12Dollars,12.0,10,12.0,1,9.6,CRAB:2.4|DEER:2.4|FISH:2.4|GOURD:2.4|SHRIMP:2.4
630,5BetAllInAt12Dollars,12.0,10,12.0,9,7.2,CRAB:2.4|DEER:2.4|FISH:2.4|GOURD:2.4|SHRIMP:2.4
631,5BetAllInAt12Dollars,12.0,10,12.0,2,4.8,CRAB:2.4|DEER:2.4|FISH:2.4|GOURD:2.4|SHRIMP:2.4
632,5BetAllInAt12Dollars,12.0,10,12.0,1,9.6,CRAB:2.4|DEER:2.4|FISH:2.4|GOURD:2.4|SHRIMP:2.4
633,5BetAllInAt12Dollars,12.0,10,12.0,1,9.6,CRAB:2.4|DEER:2.4|FISH:2.4|GOURD:2.4|SHRIMP:2.4
634,5BetAllInAt12Dollars,12.0,10,12.0,1,7.2,CRAB:2.4|DEER:2.4|FISH:2.4|GOURD:2.4|SHRIMP:2.4
635,5BetAllInAt12Dollars,12.0,10,12.0,5,7.2,CRAB:2.4|DEER:2.4|FISH:2.4|GOURD:2.4|SHRIMP:2.4
636,5BetAllInAt12Dollars,12.0,10,12.0,4,0.0,CRAB:2.4|DEER:2.4|FISH:2.4|GOURD:2.4|SHRIMP:2.4
637,5BetAllInAt12Dollars,12.0,10,12.0,1,4.8,CRAB:2.4|DEER:2.4|FISH:2.4|GOURD:2.4|SHRIMP:2.4
638,5BetAllInAt12Dollars,12.0,10,12.0,1,9.6,CRAB:2.4|DEER:2.4|FISH:2.4|GOURD:2.4|SHRIMP:2.4
639,5BetAllInAt12Dollars,12.0,10,12.0,5,7.2,CRAB:2.4|DEER:2.4|FISH:2.4|GOURD:2.4|SHRIMP:2.4
640,5BetAllInAt12Dollars,12.0,10,12.0,1,9.6,CRAB:2.4|DEER:2.4|FISH:2.4|GOURD:2.4|SHRIMP:2.4
641,5BetAllInAt12Dollars,12.0,10,12.0,4,7.2,CRAB:2.4|DEER:2.4|FISH:2.4|GOURD:2.4|SHRIMP:2.4
642,5BetAllInAt12Dollars,12.0,10,12.0,1,4.8,CRAB:2.4|DEER:2.4|FISH:2.4|GOURD:2.4|SHRIMP:2.4
643,5BetAllInAt12Dollars,12.0,10,12.0,1,9.6,CRAB:2.4|DEER:2.4|FISH:2.4|GOURD:2.4|SHRIMP:2.4
644,5BetAllInAt12Dollars,12.0,10,12.0,1,9.6,CRAB:2.4|DEER:2.4|FISH:2.4|GOURD:2.4|SHRIMP:2.4
645,5BetAllInAt12Dollars,12.0,10,12.0,1,9.6,CRAB:2.4|DEER:2.4|FISH:2.4|GOURD:2.4|SHRIMP:2.4
646,5BetAllInAt12Dollars,12.0,10,12.0,1,9.6,CRAB:2.4|DEER:2.4|FISH:2.4|GOURD:2.4|SHRIMP:2.4
647,5BetAllInAt12Dollars,12.0,10,12.0,1,9.6,CRAB:2.4|DEER:2.4|FISH:2.4|GOURD:2.4|SHRIMP:2.4
648,5BetAllInAt12Dollars,12.0,10,12.0,1,9.6,CRAB:2.4|DEER:2.4|FISH:2.4|GOURD:2.4|SHRIMP:2.4
649,5BetAllInAt12Dollars,12.0,10,12.0,2,7.2,CRAB:2.4|DEER:2.4|FISH:2.4|GOURD:2.4|SHRIMP:2.4
650,5BetAllInAt12Dollars,12.0,10,12.0,1,9.6,CRAB:2.4|DEER:2.4|FISH:2.4|GOURD:2.4|SHRIMP:2.4
651,5BetAllInAt12Dollars,12.0,10,12.0,4,9.6,CRAB:2.4|DEER:2.4|FISH:2.4|GOURD:2.4|SHRIMP:2.4
652,5BetAllInAt12Dollars,12.0,10,12.0,10,16.8,CRAB:2.4|DEER:2.4|FISH:2.4|GOURD:2.4|SHRIMP:2.4
653,5BetAllInAt12Dollars,12.0,10,12.0,9,7.2,CRAB:2.4|DEER:2.4|FISH:2.4|GOURD:2.4|SHRIMP:2.4
654,5BetAllInAt12Dollars,12.0,10,12.0,4,9.6,CRAB:2.4|DEER:2.4|FISH:2.4|GOURD:2.4|SHRIMP:2.4
655,5BetAllInAt12Dollars,12.0,10,12.0,1,9.6,CRAB:2.4|DEER:2.4|FISH:2.4|GOURD:2.4|SHRIMP:2.4
656,5BetAllInAt12Dollars,12.0,10,12.0,1,9.6,CRAB:2.4|DEER:2.4|FISH:2.4|GOURD:2.4|SHRIMP:2.4
657,5BetAllInAt12Dollars,12.0,10,12.0,9,9.6,CRAB:2.4|DEER:2.4|FISH:2.4|GOURD:2.4|SHRIMP:2.4
658,5BetAllInAt12Dollars,12.0,10,12.0,2,9.6,CRAB:2.4|DEER:2.4|FISH:2.4|GOURD:2.4|SHRIMP:2.4
659,5BetAllInAt12Dollars,12.0,10,12.0,3,9.6,CRAB:2.4|DEER:2.4|FISH:2.4|GOURD:2.4|SHRIMP:2.4
660,5BetAllInAt12Dollars,12.0,10,12.0,1,4.8,CRAB:2.4|DEER:2.4|FISH:2.4|GOURD:2.4|SHRIMP:2.4
661,5BetAllInAt12Dollars,12.0,10,12.0,1,9.6,CRAB:2.4|DEER:2.4|FISH:2.4|GOURD:2.4|SHRIMP:2.4
662,5BetAllInAt12Dollars,12.0,10,12.0,10,16.8,CRAB:2.4|DEER:2.4|FISH:2.4|GOURD:2.4|SHRIMP:2.4
663,5BetAllInAt12Dollars,12.0,10,12.0,1,9.6,CRAB:2.4|DEER:2.4|FISH:2.4|GOURD:2.4|SHRIMP:2.4
664,5BetAllInAt12Dollars,12.0,10,12.0,5,9.6,CRAB:2.4|DEER:2.4|FISH:2.4|GOURD:2.4|SHRIMP:2.4
665,5BetAllInAt12Dollars,12.0,10,12.0,2,9.6,CRAB:2.4|DEER:2.4|FISH:2.4|GOURD:2.4|SHRIMP:2.4
666,5BetAllInAt12Dollars,12.0,10,12.0,1,9.6,CRAB:2.4|DEER:2.4|FISH:2.4|GOURD:2.4|SHRIMP:2.4
667,5BetAllInAt12Dollars,12.0,10,12.0,1,4.8,CRAB:2.4|DEER:2.4|FISH:2.4|GOURD:2.4|SHRIMP:2.4
668,5BetAllInAt12Dollars,12.0,10,12.0,5,9.6,CRAB:2.4|DEER:2.4|FISH:2.4|GOURD:2.4|SHRIMP:2.4
669,5BetAllInAt12Dollars,12.0,10,12.0,2,9.6,CRAB:2.4|DEER:2.4|FISH:2.4|GOURD:2.4|SHRIMP:2.4
670,5BetAllInAt12Dollars,12.0,10,12.0,2,4.8,CRAB:2.4|DEER:2.4|FISH:2.4|GOURD:2.4|SHRIMP:2.4
671,5BetAllInAt12Dollars,12.0,10,12.0,1,9.6,CRAB:2.4|DEER:2.4|FISH:2.4|GOURD:2.4|SHRIMP:2.4
672,5BetAllInAt12Dollars,12.0,10,12.0,6,9.6,CRAB:2.4|DEER:2.4|FISH:2.4|GOURD:2.4|SHRIMP:2.4
673,5BetAllInAt12Dollars,12.0,10,12.0,1,4.8,CRAB:2.4|DEER:2.4|FISH:2.4|GOURD:2.4|SHRIMP:2.4
674,5BetAllInAt12Dollars,12.0,10,12.0,1,7.2,CRAB:2.4|DEER:2.4|FISH:2.4|GOURD:2.4|SHRIMP:2.4
675,5BetAllInAt12Dollars,12.0,10,12.0,6,9.6,CRAB:2.4|DEER:2.4|FISH:2.4|GOURD:2.4|SHRIMP:2.4
676,5BetAllInAt12Dollars,12.0,10,12.0,4,4.8,CRAB:2.4|DEER:2.4|FISH:2.4|GOURD:2.4|SHRIMP:2.4
677,5BetAllInAt12Dollars,12.0,10,12.0,10,12.0,CRAB:2.4|DEER:2.4|FISH:2.4|GOURD:2.4|SHRIMP:2.4
678,5BetAllInAt12Dollars,12.0,10,12.0,3,9.6,CRAB:2.4|DEER:2.4|FISH:2.4|GOURD:2.4|SHRIMP:2.4
679,5BetAllInAt12Dollars,12.0,10,12.0,1,9.6,CRAB:2.4|DEER:2.4|FISH:2.4|GOURD:2.4|SHRIMP:2.4
680,5BetAllInAt12Dollars,12.0,10,12.0,1,7.2,CRAB:2.4|DEER:2.4|FISH:2.4|GOURD:2.4|SHRIMP:2.4
681,5BetAllInAt12Dollars,12.0,10,12.0,1,7.2,CRAB:2.4|DEER:2.4|FISH:2.4|GOURD:2.4|SHRIMP:2.4
682,5BetAllInAt12Dollars,12.0,10,12.0,1,7.2,CRAB:2.4|DEER:2.4|FISH:2.4|GOURD:2.4|SHRIMP:2.4
683,5BetAllInAt12Dollars,12.0,10,12.0,2,7.2,CRAB:2.4|DEER:2.4|FISH:2.4|GOURD:2.4|SHRIMP:2.4
684,5BetAllInAt12Dollars,12.0,10,12.0,10,16.8,CRAB:2.4|DEER:2.4|FISH:2.4|GOURD:2.4|SHRIMP:2.4
685,5BetAllInAt12Dollars,12.0,10,12.0,4,7.2,CRAB:2.4|DEER:2.4|FISH:2.4|GOURD:2.4|SHRIMP:2.4
686,5BetAllInAt12Dollars,12.0,10,12.0,2,7.2,CRAB:2.4|DEER:2.4|FISH:2.4|GOURD:2.4|SHRIMP:2.4
687,5BetAllInAt12Dollars,12.0,10,12.0,1,9.6,CRAB:2.4|DEER:2.4|FISH:2.4|GOURD:2.4|SHRIMP:2.4
688,5BetAllInAt12Dollars,12.0,10,12.0,3,7.2,CRAB:2.4|DEER:2.4|FISH:2.4|GOURD:2.4|SHRIMP:2.4
689,5BetAllInAt12Dollars,12.0,10,12.0,1,9.6,CRAB:2.4|DEER:2.4|FISH:2.4|GOURD:2.4|SHRIMP:2.4
690,5BetAllInAt12Dollars,12.0,10,12.0,1,9.6,CRAB:2.4|DEER:2.4|FISH:2.4|GOURD:2.4|SHRIMP:2.4
691,5BetAllInAt12Dollars,12.0,10,12.0,3,0.0,CRAB:2.4|DEER:2.4|FISH:2.4|GOURD:2.4|SHRIMP:2.4
692,5BetAllInAt12Dollars,12.0,10,12.0,3,9.6,CRAB:2.4|DEER:2.4|FISH:2.4|GOURD:2.4|SHRIMP:2.4
693,5BetAllInAt12Dollars,12.0,10,12.0,1,9.6,CRAB:2.4|DEER:2.4|FISH:2.4|GOURD:2.4|SHRIMP:2.4
694,5BetAllInAt12Dollars,12.0,10,12.0,1,9.6,CRAB:2.4|DEER:2.4|FISH:2.4|GOURD:2.4|SHRIMP:2.4
695,5BetAllInAt12Dollars,12.0,10,12.0,7,9.6,CRAB:2.4|DEER:2.4|FISH:2.4|GOURD:2.4|SHRIMP:2.4
696,5BetAllInAt12Dollars,12.0,10,12.0,7,9.6,CRAB:2.4|DEER:2.4|FISH:2.4|GOURD:2.4|SHRIMP:2.4
697,5BetAllInAt12Dollars,12.0,10,12.0,1,9.6,CRAB:2.4|DEER:2.4|FISH:2.4|GOURD:2.4|SHRIMP:2.4
698,5BetAllInAt12Dollars,12.0,10,12.0,8,9.6,CRAB:2.4|DEER:2.4|FISH:2.4|GOURD:2.4|SHRIMP:2.4
699,5BetAllInAt12Dollars,12.0,10,12.0,4,9.6,CRAB:2.4|DEER:2.4|FISH:2.4|GOURD:2.4|SHRIMP:2.4
700,5BetAllInAt12Dollars,12.0,10,12.0,1,9.6,CRAB:2.4|DEER:2.4|FISH:2.4|GOURD:2.4|SHRIMP:2.4
701,5BetAllInAt12Dollars,12.0,10,12.0,3,9.6,CRAB:2.4|DEER:2.4|FISH:2.4|GOURD:2.4|SHRIMP:2.4
702,5BetAllInAt12Dollars,12.0,10,12.0,4,9.6,CRAB:2.4|DEER:2.4|FISH:2.4|GOURD:2.4|SHRIMP:2.4
703,5BetAllInAt12Dollars,12.0,10,12.0,7,9.6,CRAB:2.4|DEER:2.4|FISH:2.4|GOURD:2.4|SHRIMP:2.4
704,5BetAllInAt12Dollars,12.0,10,12.0,5,9.6,CRAB:2.4|DEER:2.4|FISH:2.4|GOURD:2.4|SHRIMP:2.4
705,5BetAllInAt12Dollars,12.0,10,12.0,1,9.6,CRAB:2.4|DEER:2.4|FISH:2.4|GOURD:2.4|SHRIMP:2.4
706,5BetAllInAt12Dollars,12.0,10,12.0,6,9.6,CRAB:2.4|DEER:2.4|FISH:2.4|GOURD:2.4|SHRIMP:2.4
707,5BetAllInAt12Dollars,12.0,10,12.0,10,21.6,CRAB:2.4|DEER:2.4|FISH:2.4|GOURD:2.4|SHRIMP:2.4
708,5BetAllInAt12Dollars,12.0,10,12.0,3,9.6,CRAB:2.4|DEER:2.4|FISH:2.4|GOURD:2.4|SHRIMP:2.4
709,5BetAllInAt12Dollars,12.0,10,12.0,1,9.6,CRAB:2.4|DEER:2.4|FISH:2.4|GOURD:2.4|SHRIMP:2.4
710,5BetAllInAt12Dollars,12.0,10,12.0,3,9.6,CRAB:2.4|DEER:2.4|FISH:2.4|GOURD:2.4|SHRIMP:2.4
711,5BetAllInAt12Dollars,12.0,10,12.0,3,7.2,CRAB:2.4|DEER:2.4|FISH:2.4|GOURD:2.4|SHRIMP:2.4
712,5BetAllInAt12Dollars,12.0,10,12.0,1,0.0,CRAB:2.4|DEER:2.4|FISH:2.4|GOURD:2.4|SHRIMP:2.4
713,5BetAllInAt12Dollars,12.0,10,12.0,1,9.6,CRAB:2.4|DEER:2.4|FISH:2.4|GOURD:2.4|SHRIMP:2.4
714,5BetAllInAt12Dollars,12.0,10,12.0,4,2.4,CRAB:2.4|DEER:2.4|FISH:2.4|GOURD:2.4|SHRIMP:2.4
715,5BetAllInAt12Dollars,12.0,10,12.0,1,7.2,CRAB:2.4|DEER:2.4|FISH:2.4|GOURD:2.4|SHRIMP:2.4
716,5BetAllInAt12Dollars,12.0,10,12.0,1,9.6,CRAB:2.4|DEER:2.4|FISH:2.4|GOURD:2.4|SHRIMP:2.4
717,5BetAllInAt12Dollars,12.0,10,12.0,1,9.6,CRAB:2.4|DEER:2.4|FISH:2.4|GOURD:2.4|SHRIMP:2.4
718,5BetAllInAt12Dollars,12.0,10,12.0,4,4.8,CRAB:2.4|DEER:2.4|FISH:2.4|GOURD:2.4|SHRIMP:2.4
719,5BetAllInAt12Dollars,12.0,10,12.0,1,9.6,CRAB:2.4|DEER:2.4|FISH:2.4|GOURD:2.4|SHRIMP:2.4
720,5BetAllInAt12Dollars,12.0,10,12.0,4,4.8,CRAB:2.4|DEER:2.4|FISH:2.4|GOURD:2.4|SHRIMP:2.4
721,5BetAllInAt12Dollars,12.0,10,12.0,1,9.6,CRAB:2.4|DEER:2.4|FISH:2.4|GOURD:2.4|SHRIMP:2.4
722,5BetAllInAt12Dollars,12.0,10,12.0,10,12.0,CRAB:2.4|DEER:2.4|FISH:2.4|GOURD:2.4|SHRIMP:2.4
723,5BetAllInAt12Dollars,12.0,10,12.0,10,19.2,CRAB:2.4|DEER:2.4|FISH:2.4|GOURD:2.4|SHRIMP:2.4
724,5BetAllInAt12Dollars,12.0,10,12.0,2,9.6,CRAB:2.4|DEER:2.4|FISH:2.4|GOURD:2.4|SHRIMP:2.4
725,5BetAllInAt12Dollars,12.0,10,12.0,2,9.6,CRAB:2.4|DEER:2.4|FISH:2.4|GOURD:2.4|SHRIMP:2.4
726,5BetAllInAt12Dollars,12.0,10,12.0,1,7.2,CRAB:2.4|DEER:2.4|FISH:2.4|GOURD:2.4|SHRIMP:2.4
727,5BetAllInAt12Dollars,12.0,10,12.0,3,9.6,CRAB:2.4|DEER:2.4|FISH:2.4|GOURD:2.4|SHRIMP:2.4
728,5BetAllInAt12Dollars,12.0,10,12.0,1,9.6,CRAB:2.4|DEER:2.4|FISH:2.4|GOURD:2.4|SHRIMP:2.4
729,5BetAllInAt12Dollars,12.0,10,12.0,4,9.6,CRAB:2.4|DEER:2.4|FISH:2.4|GOURD:2.4|SHRIMP:2.4
730,5BetAllInAt12Dollars,12.0,10,12.0,3,7.2,CRAB:2.4|DEER:2.4|FISH:2.4|GOURD:2.4|SHRIMP:2.4
731,5BetAllInAt12Dollars,12.0,10,12.0,1,4.8,CRAB:2.4|DEER:2.4|FISH:2.4|GOURD:2.4|SHRIMP:2.4
732,5BetAllInAt12Dollars,12.0,10,12.0,1,4.8,CRAB:2.4|DEER:2.4|FISH:2.4|GOURD:2.4|SHRIMP:2.4
733,5BetAllInAt12Dollars,12.0,10,12.0,10,12.0,CRAB:2.4|DEER:2.4|FISH:2.4|GOURD:2.4|SHRIMP:2.4
734,5BetAllInAt12Dollars,12.0,10,12.0,1,9.6,CRAB:2.4|DEER:2.4|FISH:2.4|GOURD:2.4|SHRIMP:2.4
735,5BetAllInAt12Dollars,12.0,10,12.0,3,4.8,CRAB:2.4|DEER:2.4|FISH:2.4|GOURD:2.4|SHRIMP:2.4
736,5BetAllInAt12Dollars,12.0,10,12.0,10,14.4,CRAB:2.4|DEER:2.4|FISH:2.4|GOURD:2.4|SHRIMP:2.4
737,5BetAllInAt12Dollars,12.0,10,12.0,10,7.2,CRAB:2.4|DEER:2.4|FISH:2.4|GOURD:2.4|SHRIMP:2.4
738,5BetAllInAt12Dollars,12.0,10,12.0,10,19.2,CRAB:2.4|DEER:2.4|FISH:2.4|GOURD:2.4|SHRIMP:2.4
739,5BetAllInAt12Dollars,12.0,10,12.0,1,9.6,CRAB:2.4|DEER:2.4|FISH:2.4|GOURD:2.4|SHRIMP:2.4
740,5BetAllInAt12Dollars,12.0,10,12.0,1,9.6,CRAB:2.4|DEER:2.4|FISH:2.4|GOURD:2.4|SHRIMP:2.4
741,5BetAllInAt12Dollars,12.0,10,12.0,1,9.6,CRAB:2.4|DEER:2.4|FISH:2.4|GOURD:2.4|SHRIMP:2.4
742,5BetAllInAt12Dollars,12.0,10,12.0,10,16.8,CRAB:2.4|DEER:2.4|FISH:2.4|GOURD:2.4|SHRIMP:2.4
743,5BetAllInAt12Dollars,12.0,10,12.0,10,14.4,CRAB:2.4|DEER:2.4|FISH:2.4|GOURD:2.4|SHRIMP:2.4
744,5BetAllInAt12Dollars,12.0,10,12.0,3,9.6,CRAB:2.4|DEER:2.4|FISH:2.4|GOURD:2.4|SHRIMP:2.4
745,5BetAllInAt12Dollars,12.0,10,12.0,1,4.8,CRAB:2.4|DEER:2.4|FISH:2.4|GOURD:2.4|SHRIMP:2.4
746,5BetAllInAt12Dollars,12.0,10,12.0,1,9.6,CRAB:2.4|DEER:2.4|FISH:2.4|GOURD:2.4|SHRIMP:2.4
747,5BetAllInAt12Dollars,12.0,10,12.0,2,9.6,CRAB:2.4|DEER:2.4|FISH:2.4|GOURD:2.4|SHRIMP:2.4
748,5BetAllInAt12Dollars,12.0,10,12.0,10,12.0,CRAB:2.4|DEER:2.4|FISH:2.4|GOURD:2.4|SHRIMP:2.4
749,5BetAllInAt12Dollars,12.0,10,12.0,2,9.6,CRAB:2.4|DEER:2.4|FISH:2.4|GOURD:2.4|SHRIMP:2.4
750,5BetAllInAt12Dollars,12.0,10,12.0,4,9.6,CRAB:2.4|DEER:2.4|FISH:2.4|GOURD:2.4|SHRIMP:2.4
751,5BetAllInAt12Dollars,12.0,10,12.0,6,7.2,CRAB:2.4|DEER:2.4|FISH:2.4|GOURD:2.4|SHRIMP:2.4
752,5BetAllInAt12Dollars,12.0,10,12.0,5,7.2,CRAB:2.4|DEER:2.4|FISH:2.4|GOURD:2.4|SHRIMP:2.4
753,5BetAllInAt12Dollars,12.0,10,12.0,4,9.6,CRAB:2.4|DEER:2.4|FISH:2.4|GOURD:2.4|SHRIMP:2.4
754,5BetAllInAt12Dollars,12.0,10,12.0,2,9.6,CRAB:2.4|DEER:2.4|FISH:2.4|GOURD:2.4|SHRIMP:2.4
755,5BetAllInAt12Dollars,12.0,10,12.0,8,9.6,CRAB:2.4|DEER:2.4|FISH:2.4|GOURD:2.4|SHRIMP:2.4
756,5BetAllInAt12Dollars,12.0,10,12.0,10,24.0,CRAB:2.4|DEER:2.4|FISH:2.4|GOURD:2.4|SHRIMP:2.4
757,5BetAllInAt12Dollars,12.0,10,12.0,2,9.6,CRAB:2.4|DEER:2.4|FISH:2.4|GOURD:2.4|SHRIMP:2.4
758,5BetAllInAt12Dollars,12.0,10,12.0,5,9.6,CRAB:2.4|DEER:2.4|FISH:2.4|GOURD:2.4|SHRIMP:2.4
759,5BetAllInAt12Dollars,12.0,10,12.0,7,9.6,CRAB:2.4|DEER:2.4|FISH:2.4|GOURD:2.4|SHRIMP:2.4
760,5BetAllInAt12Dollars,12.0,10,12.0,1,7.2,CRAB:2.4|DEER:2.4|FISH:2.4|GOURD:2.4|SHRIMP:2.4
761,5BetAllInAt12Dollars,12.0,10,12.0,2,4.8,CRAB:2.4|DEER:2.4|FISH:2.4|GOURD:2.4|SHRIMP:2.4
762,5BetAllInAt12Dollars,12.0,10,12.0,9,9.6,CRAB:2.4|DEER:2.4|FISH:2.4|GOURD:2.4|SHRIMP:2.4
763,5BetAllInAt12Dollars,12.0,10,12.0,2,9.6,CRAB:2.4|DEER:2.4|FISH:2.4|GOURD:2.4|SHRIMP:2.4
764,5BetAllInAt12Dollars,12.0,10,12.0,1,9.6,CRAB:2.4|DEER:2.4|FISH:2.4|GOURD:2.4|SHRIMP:2.4
765,5BetAllInAt12Dollars,12.0,10,12.0,1,7.2,CRAB:2.4|DEER:2.4|FISH:2.4|GOURD:2.4|SHRIMP:2.4
766,5BetAllInAt12Dollars,12.0,10,12.0,1,9.6,CRAB:2.4|DEER:2.4|FISH:2.4|GOURD:2.4|SHRIMP:2.4
767,5BetAllInAt12Dollars,12.0,10,12.0,1,9.6,CRAB:2.4|DEER:2.4|FISH:2.4|GOURD:2.4|SHRIMP:2.4
768,5BetAllInAt12Dollars,12.0,10,12.0,10,19.2,CRAB:2.4|DEER:2.4|FISH:2.4|GOURD:2.4|SHRIMP:2.4
769,5BetAllInAt12Dollars,12.0,10,12.0,4,9.6,CRAB:2.4|DEER:2.4|FISH:2.4|GOURD:2.4|SHRIMP:2.4
770,5BetAllInAt12Dollars,12.0,10,12.0,1,4.8,CRAB:2.4|DEER:2.4|FISH:2.4|GOURD:2.4|SHRIMP:2.4
771,5BetAllInAt12Dollars,12.0,10,12.0,1,9.6,CRAB:2.4|DEER:2.4|FISH:2.4|GOURD:2.4|SHRIMP:2.4
772,5BetAllInAt12Dollars,12.0,10,12.0,2,9.6,CRAB:2.4|DEER:2.4|FISH:2.4|GOURD:2.4|SHRIMP:2.4
773,5BetAllInAt12Dollars,12.0,10,12.0,1,9.6,CRAB:2.4|DEER:2.4|FISH:2.4|GOURD:2.4|SHRIMP:2.4
774,5BetAllInAt12Dollars,12.0,10,12.0,3,7.2,CRAB:2.4|DEER:2.4|FISH:2.4|GOURD:2.4|SHRIMP:2.4
775,5BetAllInAt12Dollars,12.0,10,12.0,4,9.6,CRAB:2.4|DEER:2.4|FISH:2.4|GOURD:2.4|SHRIMP:2.4
776,5BetAllInAt12Dollars,12.0,10,12.0,1,4.8,CRAB:2.4|DEER:2.4|FISH:2.4|GOURD:2.4|SHRIMP:2.4
777,5BetAllInAt12Dollars,12.0,10,12.0,1,9.6,CRAB:2.4|DEER:2.4|FISH:2.4|GOURD:2.4|SHRIMP:2.4
778,5BetAllInAt12Dollars,12.0,10,12.0,2,9.6,CRAB:2.4|DEER:2.4|FISH:2.4|GOURD:2.4|SHRIMP:2.4
779,5BetAllInAt12Dollars,12.0,10,12.0,10,16.8,CRAB:2.4|DEER:2.4|FISH:2.4|GOURD:2.4|SHRIMP:2.4
780,5BetAllInAt12Dollars,12.0,10,12.0,3,7.2,CRAB:2.4|DEER:2.4|FISH:2.4|GOURD:2.4|SHRIMP:2.4
781,5BetAllInAt12Dollars,12.0,10,12.0,3,4.8,CRAB:2.4|DEER:2.4|FISH:2.4|GOURD:2.4|SHRIMP:2.4
782,5BetAllInAt12Dollars,12.0,10,12.0,7,9.6,CRAB:2.4|DEER:2.4|FISH:2.4|GOURD:2.4|SHRIMP:2.4
783,5BetAllInAt12Dollars,12.0,10,12.0,2,9.6,CRAB:2.4|DEER:2.4|FISH:2.4|GOURD:2.4|SHRIMP:2.4
784,5BetAllInAt12Dollars,12.0,10,12.0,1,9.6,CRAB:2.4|DEER:2.4|FISH:2.4|GOURD:2.4|SHRIMP:2.4
785,5BetAllInAt12Dollars,12.0,10,12.0,2,9.6,CRAB:2.4|DEER:2.4|FISH:2.4|GOURD:2.4|SHRIMP:2.4
786,5BetAllInAt12Dollars,12.0,10,12.0,1,9.6,CRAB:2.4|DEER:2.4|FISH:2.4|GOURD:2.4|SHRIMP:2.4
787,5BetAllInAt12Dollars,12.0,10,12.0,1,9.6,CRAB:2.4|DEER:2.4|FISH:2.4|GOURD:2.4|SHRIMP:2.4
788,5BetAllInAt12Dollars,12.0,10,12.0,10,14.4,CRAB:2.4|DEER:2.4|FISH:2.4|GOURD:2.4|SHRIMP:2.4
789,5BetAllInAt12Dollars,12.0,10,12.0,5,7.2,CRAB:2.4|DEER:2.4|FISH:2.4|GOURD:2.4|SHRIMP:2.4
790,5BetAllInAt12Dollars,12.0,10,12.0,4,9.6,CRAB:2.4|DEER:2.4|FISH:2.4|GOURD:2.4|SHRIMP:2.4
791,5BetAllInAt12Dollars,12.0,10,12.0,1,9.6,CRAB:2.4|DEER:2.4|FISH:2.4|GOURD:2.4|SHRIMP:2.4
792,5BetAllInAt12Dollars,12.0,10,12.0,2,9.6,CRAB:2.4|DEER:2.4|FISH:2.4|GOURD:2.4|SHRIMP:2.4
793,5BetAllInAt12Dollars,12.0,10,12.0,1,9.6,CRAB:2.4|DEER:2.4|FISH:2.4|GOURD:2.4|SHRIMP:2.4
794,5BetAllInAt12Dollars,12.0,10,12.0,4,9.6,CRAB:2.4|DEER:2.4|FISH:2.4|GOURD:2.4|SHRIMP:2.4
795,5BetAllInAt12Dollars,12.0,10,12.0,1,9.6,CRAB:2.4|DEER:2.4|FISH:2.4|GOURD:2.4|SHRIMP:2.4
796,5BetAllInAt12Dollars,12.0,10,12.0,1,9.6,CRAB:2.4|DEER:2.4|FISH:2.4|GOURD:2.4|SHRIMP:2.4
797,5BetAllInAt12Dollars,12.0,10,12.0,1,9.6,CRAB:2.4|DEER:2.4|FISH:2.4|GOURD:2.4|SHRIMP:2.4
798,5BetAllInAt12Dollars,12.0,10,12.0,1,9.6,CRAB:2.4|DEER:2.4|FISH:2.4|GOURD:2.4|SHRIMP:2.4
799,5BetAllInAt12Dollars,12.0,10,12.0,1,9.6,CRAB:2.4|DEER:2.4|FISH:2.4|GOURD:2.4|SHRIMP:2.4
800,5BetAllInAt12Dollars,12.0,10,12.0,2,4.8,CRAB:2.4|DEER:2.4|FISH:2.4|GOURD:2.4|SHRIMP:2.4
801,5BetAllInAt12Dollars,12.0,10,12.0,10,14.4,CRAB:2.4|DEER:2.4|FISH:2.4|GOURD:2.4|SHRIMP:2.4
802,5BetAllInAt12Dollars,12.0,10,12.0,6,9.6,CRAB:2.4|DEER:2.4|FISH:2.4|GOURD:2.4|SHRIMP:2.4
803,5BetAllInAt12Dollars,12.0,10,12.0,1,9.6,CRAB:2.4|DEER:2.4|FISH:2.4|GOURD:2.4|SHRIMP:2.4
804,5BetAllInAt12Dollars,12.0,10,12.0,1,9.6,CRAB:2.4|DEER:2.4|FISH:2.4|GOURD:2.4|SHRIMP:2.4
805,5BetAllInAt12Dollars,12.0,10,12.0,4,9.6,CRAB:2.4|DEER:2.4|FISH:2.4|GOURD:2.4|SHRIMP:2.4
806,5BetAllInAt12Dollars,12.0,10,12.0,8,9.6,CRAB:2.4|DEER:2.4|FISH:2.4|GOURD:2.4|SHRIMP:2.4
807,5BetAllInAt12Dollars,12.0,10,12.0,6,7.2,CRAB:2.4|DEER:2.4|FISH:2.4|GOURD:2.4|SHRIMP:2.4
808,5BetAllInAt12Dollars,12.0,10,12.0,4,7.2,CRAB:2.4|DEER:2.4|FISH:2.4|GOURD:2.4|SHRIMP:2.4
809,5BetAllInAt12Dollars,12.0,10,12.0,2,9.6,CRAB:2.4|DEER:2.4|FISH:2.4|GOURD:2.4|SHRIMP:2.4
810,5BetAllInAt12Dollars,12.0,10,12.0,1,9.6,CRAB:2.4|DEER:2.4|FISH:2.4|GOURD:2.4|SHRIMP:2.4
811,5BetAllInAt12Dollars,12.0,10,12.0,1,7.2,CRAB:2.4|DEER:2.4|FISH:2.4|GOURD:2.4|SHRIMP:2.4
812,5BetAllInAt12Dollars,12.0,10,12.0,6,9.6,CRAB:2.4|DEER:2.4|FISH:2.4|GOURD:2.4|SHRIMP:2.4
813,5BetAllInAt12Dollars,12.0,10,12.0,2,9.6,CRAB:2.4|DEER:2.4|FISH:2.4|GOURD:2.4|SHRIMP:2.4
814,5BetAllInAt12Dollars,12.0,10,12.0,3,2.4,CRAB:2.4|DEER:2.4|FISH:2.4|GOURD:2.4|SHRIMP:2.4
815,5BetAllInAt12Dollars,12.0,10,12.0,5,7.2,CRAB:2.4|DEER:2.4|FISH:2.4|GOURD:2.4|SHRIMP:2.4
816,5BetAllInAt12Dollars,12.0,10,12.0,2,7.2,CRAB:2.4|DEER:2.4|FISH:2.4|GOURD:2.4|SHRIMP:2.4
817,5BetAllInAt12Dollars,12.0,10,12.0,1,4.8,CRAB:2.4|DEER:2.4|FISH:2.4|GOURD:2.4|SHRIMP:2.4
818,5BetAllInAt12Dollars,12.0,10,12.0,3,9.6,CRAB:2.4|DEER:2.4|FISH:2.4|GOURD:2.4|SHRIMP:2.4
819,5BetAllInAt12Dollars,12.0,10,12.0,1,9.6,CRAB:2.4|DEER:2.4|FISH:2.4|GOURD:2.4|SHRIMP:2.4
820,5BetAllInAt12Dollars,12.0,10,12.0,2,4.8,CRAB:2.4|DEER:2.4|FISH:2.4|GOURD:2.4|SHRIMP:2.4
821,5BetAllInAt12Dollars,12.0,10,12.0,1,9.6,CRAB:2.4|DEER:2.4|FISH:2.4|GOURD:2.4|SHRIMP:2.4
822,5BetAllInAt12Dollars,12.0,10,12.0,1,9.6,CRAB:2.4|DEER:2.4|FISH:2.4|GOURD:2.4|SHRIMP:2.4
823,5BetAllInAt12Dollars,12.0,10,12.0,1,9.6,CRAB:2.4|DEER:2.4|FISH:2.4|GOURD:2.4|SHRIMP:2.4
824,5BetAllInAt12Dollars,12.0,10,12.0,10,14.4,CRAB:2.4|DEER:2.4|FISH:2.4|GOURD:2.4|SHRIMP:2.4
825,5BetAllInAt12Dollars,12.0,10,12.0,3,9.6,CRAB:2.4|DEER:2.4|FISH:2.4|GOURD:2.4|SHRIMP:2.4
826,5BetAllInAt12Dollars,12.0,10,12.0,3,9.6,CRAB:2.4|DEER:2.4|FISH:2.4|GOURD:2.4|SHRIMP:2.4
827,5BetAllInAt12Dollars,12.0,10,12.0,1,9.6,CRAB:2.4|DEER:2.4|FISH:2.4|GOURD:2.4|SHRIMP:2.4
828,5BetAllInAt12Dollars,12.0,10,12.0,2,9.6,CRAB:2.4|DEER:2.4|FISH:2.4|GOURD:2.4|SHRIMP:2.4
829,5BetAllInAt12Dollars,12.0,10,12.0,3,9.6,CRAB:2.4|DEER:2.4|FISH:2.4|GOURD:2.4|SHRIMP:2.4
830,5BetAllInAt12Dollars,12.0,10,12.0,2,9.6,CRAB:2.4|DEER:2.4|FISH:2.4|GOURD:2.4|SHRIMP:2.4
831,5BetAllInAt12Dollars,12.0,10,12.0,1,4.8,CRAB:2.4|DEER:2.4|FISH:2.4|GOURD:2.4|SHRIMP:2.4
832,5BetAllInAt12Dollars,12.0,10,12.0,6,9.6,CRAB:2.4|DEER:2.4|FISH:2.4|GOURD:2.4|SHRIMP:2.4
833,5BetAllInAt12Dollars,12.0,10,12.0,3,7.2,CRAB:2.4|DEER:2.4|FISH:2.4|GOURD:2.4|SHRIMP:2.4
834,5BetAllInAt12Dollars,12.0,10,12.0,4,4.8,CRAB:2.4|DEER:2.4|FISH:2.4|GOURD:2.4|SHRIMP:2.4
835,5BetAllInAt12Dollars,12.0,10,12.0,1,4.8,CRAB:2.4|DEER:2.4|FISH:2.4|GOURD:2.4|SHRIMP:2.4
836,5BetAllInAt12Dollars,12.0,10,12.0,2,9.6,CRAB:2.4|DEER:2.4|FISH:2.4|GOURD:2.4|SHRIMP:2.4
837,5BetAllInAt12Dollars,12.0,10,12.0,1,4.8,CRAB:2.4|DEER:2.4|FISH:2.4|GOURD:2.4|SHRIMP:2.4
838,5BetAllInAt12Dollars,12.0,10,12.0,10,24.0,CRAB:2.4|DEER:2.4|FISH:2.4|GOURD:2.4|SHRIMP:2.4
839,5BetAllInAt12Dollars,12.0,10,12.0,10,16.8,CRAB:2.4|DEER:2.4|FISH:2.4|GOURD:2.4|SHRIMP:2.4
840,5BetAllInAt12Dollars,12.0,10,12.0,2,4.8,CRAB:2.4|DEER:2.4|FISH:2.4|GOURD:2.4|SHRIMP:2.4
841,5BetAllInAt12Dollars,12.0,10,12.0,10,16.8,CRAB:2.4|DEER:2.4|FISH:2.4|GOURD:2.4|SHRIMP:2.4
842,5BetAllInAt12Dollars,12.0,10,12.0,5,9.6,CRAB:2.4|DEER:2.4|FISH:2.4|GOURD:2.4|SHRIMP:2.4
843,5BetAllInAt12Dollars,12.0,10,12.0,1,9.6,CRAB:2.4|DEER:2.4|FISH:2.4|GOURD:2.4|SHRIMP:2.4
844,5BetAllInAt12Dollars,12.0,10,12.0,1,9.6,CRAB:2.4|DEER:2.4|FISH:2.4|GOURD:2.4|SHRIMP:2.4
845,5BetAllInAt12Dollars,12.0,10,12.0,3,7.2,CRAB:2.4|DEER:2.4|FISH:2.4|GOURD:2.4|SHRIMP:2.4
846,5BetAllInAt12Dollars,12.0,10,12.0,2,4.8,CRAB:2.4|DEER:2.4|FISH:2.4|GOURD:2.4|SHRIMP:2.4
847,5BetAllInAt12Dollars,12.0,10,12.0,10,24.0,CRAB:2.4|DEER:2.4|FISH:2.4|GOURD:2.4|SHRIMP:2.4
848,5BetAllInAt12Dollars,12.0,10,12.0,1,7.2,CRAB:2.4|DEER:2.4|FISH:2.4|GOURD:2.4|SHRIMP:2.4
849,5BetAllInAt12Dollars,12.0,10,12.0,1,4.8,CRAB:2.4|DEER:2.4|FISH:2.4|GOURD:2.4|SHRIMP:2.4
850,5BetAllInAt12Dollars,12.0,10,12.0,1,4.8,CRAB:2.4|DEER:2.4|FISH:2.4|GOURD:2.4|SHRIMP:2.4
851,5BetAllInAt12Dollars,12.0,10,12.0,4,7.2,CRAB:2.4|DEER:2.4|FISH:2.4|GOURD:2.4|SHRIMP:2.4
852,5BetAllInAt12Dollars,12.0,10,12.0,2,9.6,CRAB:2.4|DEER:2.4|FISH:2.4|GOURD:2.4|SHRIMP:2.4
853,5BetAllInAt12Dollars,12.0,10,12.0,2,7.2,CRAB:2.4|DEER:2.4|FISH:2.4|GOURD:2.4|SHRIMP:2.4
854,5BetAllInAt12Dollars,12.0,10,12.0,9,9.6,CRAB:2.4|DEER:2.4|FISH:2.4|GOURD:2.4|SHRIMP:2.4
855,5BetAllInAt12Dollars,12.0,10,12.0,2,9.6,CRAB:2.4|DEER:2.4|FISH:2.4|GOURD:2.4|SHRIMP:2.4
856,5BetAllInAt12Dollars,12.0,10,12.0,3,9.6,CRAB:2.4|DEER:2.4|FISH:2.4|GOURD:2.4|SHRIMP:2.4
857,5BetAllInAt12Dollars,12.0,10,12.0,3,9.6,CRAB:2.4|DEER:2.4|FISH:2.4|GOURD:2.4|SHRIMP:2.4
858,5BetAllInAt12Dollars,12.0,10,12.0,2,9.6,CRAB:2.4|DEER:2.4|FISH:2.4|GOURD:2.4|SHRIMP:2.4
859,5BetAllInAt12Dollars,12.0,10,12.0,1,9.6,CRAB:2.4|DEER:2.4|FISH:2.4|GOURD:2.4|SHRIMP:2.4
860,5BetAllInAt12Dollars,12.0,10,12.0,3,9.6,CRAB:2.4|DEER:2.4|FISH:2.4|GOURD:2.4|SHRIMP:2.4
861,5BetAllInAt12Dollars,12.0,10,12.0,2,9.6,CRAB:2.4|DEER:2.4|FISH:2.4|GOURD:2.4|SHRIMP:2.4
862,5BetAllInAt12Dollars,12.0,10,12.0,1,7.2,CRAB:2.4|DEER:2.4|FISH:2.4|GOURD:2.4|SHRIMP:2.4
863,5BetAllInAt12Dollars,12.0,10,12.0,4,9.6,CRAB:2.4|DEER:2.4|FISH:2.4|GOURD:2.4|SHRIMP:2.4
864,5BetAllInAt12Dollars,12.0,10,12.0,3,4.8,CRAB:2.4|DEER:2.4|FISH:2.4|GOURD:2.4|SHRIMP:2.4
865,5BetAllInAt12Dollars,12.0,10,12.0,3,9.6,CRAB:2.4|DEER:2.4|FISH:2.4|GOURD:2.4|SHRIMP:2.4
866,5BetAllInAt12Dollars,12.0,10,12.0,3,9.6,CRAB:2.4|DEER:2.4|FISH:2.4|GOURD:2.4|SHRIMP:2.4
867,5BetAllInAt12Dollars,12.0,10,12.0,1,9.6,CRAB:2.4|DEER:2.4|FISH:2.4|GOURD:2.4|SHRIMP:2.4
868,5BetAllInAt12Dollars,12.0,10,12.0,1,9.6,CRAB:2.4|DEER:2.4|FISH:2.4|GOURD:2.4|SHRIMP:2.4
869,5BetAllInAt12Dollars,12.0,10,12.0,10,19.2,CRAB:2.4|DEER:2.4|FISH:2.4|GOURD:2.4|SHRIMP:2.4
870,5BetAllInAt12Dollars,12.0,10,12.0,1,7.2,CRAB:2.4|DEER:2.4|FISH:2.4|GOURD:2.4|SHRIMP:2.4
871,5BetAllInAt12Dollars,12.0,10,12.0,10,19.2,CRAB:2.4|DEER:2.4|FISH:2.4|GOURD:2.4|SHRIMP:2.4
872,5BetAllInAt12Dollars,12.0,10,12.0,1,9.6,CRAB:2.4|DEER:2.4|FISH:2.4|GOURD:2.4|SHRIMP:2.4
873,5BetAllInAt12Dollars,12.0,10,12.0,3,9.6,CRAB:2.4|DEER:2.4|FISH:2.4|GOURD:2.4|SHRIMP:2.4
874,5BetAllInAt12Dollars,12.0,10,12.0,2,9.6,CRAB:2.4|DEER:2.4|FISH:2.4|GOURD:2.4|SHRIMP:2.4
875,5BetAllInAt12Dollars,12.0,10,12.0,1,9.6,CRAB:2.4|DEER:2.4|FISH:2.4|GOURD:2.4|SHRIMP:2.4
876,5BetAllInAt12Dollars,12.0,10,12.0,1,9.6,CRAB:2.4|DEER:2.4|FISH:2.4|GOURD:2.4|SHRIMP:2.4
877,5BetAllInAt12Dollars,12.0,10,12.0,2,7.2,CRAB:2.4|DEER:2.4|FISH:2.4|GOURD:2.4|SHRIMP:2.4
878,5BetAllInAt12Dollars,12.0,10,12.0,8,7.2,CRAB:2.4|DEER:2.4|FISH:2.4|GOURD:2.4|SHRIMP:2.4
879,5BetAllInAt12Dollars,12.0,10,12.0,3,9.6,CRAB:2.4|DEER:2.4|FISH:2.4|GOURD:2.4|SHRIMP:2.4
880,5BetAllInAt12Dollars,12.0,10,12.0,1,9.6,CRAB:2.4|DEER:2.4|FISH:2.4|GOURD:2.4|SHRIMP:2.4
881,5BetAllInAt12Dollars,12.0,10,12.0,1,9.6,CRAB:2.4|DEER:2.4|FISH:2.4|GOURD:2.4|SHRIMP:2.4
882,5BetAllInAt12Dollars,12.0,10,12.0,2,9.6,CRAB:2.4|DEER:2.4|FISH:2.4|GOURD:2.4|SHRIMP:2.4
883,5BetAllInAt12Dollars,12.0,10,12.0,2,9.6,CRAB:2.4|DEER:2.4|FISH:2.4|GOURD:2.4|SHRIMP:2.4
884,5BetAllInAt12Dollars,12.0,10,12.0,1,9.6,CRAB:2.4|DEER:2.4|FISH:2.4|GOURD:2.4|SHRIMP:2.4
885,5BetAllInAt12Dollars,12.0,10,12.0,6,9.6,CRAB:2.4|DEER:2.4|FISH:2.4|GOURD:2.4|SHRIMP:2.4
886,5BetAllInAt12Dollars,12.0,10,12.0,3,7.2,CRAB:2.4|DEER:2.4|FISH:2.4|GOURD:2.4|SHRIMP:2.4
887,5BetAllInAt12Dollars,12.0,10,12.0,1,9.6,CRAB:2.4|DEER:2.4|FISH:2.4|GOURD:2.4|SHRIMP:2.4
888,5BetAllInAt12Dollars,12.0,10,12.0,2,9.6,CRAB:2.4|DEER:2.4|FISH:2.4|GOURD:2.4|SHRIMP:2.4
889,5BetAllInAt12Dollars,12.0,10,12.0,1,7.2,CRAB:2.4|DEER:2.4|FISH:2.4|GOURD:2.4|SHRIMP:2.4
890,5BetAllInAt12Dollars,12.0,10,12.0,2,4.8,CRAB:2.4|DEER:2.4|FISH:2.4|GOURD:2.4|SHRIMP:2.4
891,5BetAllInAt12Dollars,12.0,10,12.0,2,9.6,CRAB:2.4|DEER:2.4|FISH:2.4|GOURD:2.4|SHRIMP:2.4
892,5BetAllInAt12Dollars,12.0,10,12.0,1,4.8,CRAB:2.4|DEER:2.4|FISH:2.4|GOURD:2.4|SHRIMP:2.4
893,5BetAllInAt12Dollars,12.0,10,12.0,1,9.6,CRAB:2.4|DEER:2.4|FISH:2.4|GOURD:2.4|SHRIMP:2.4
894,5BetAllInAt12Dollars,12.0,10,12.0,2,2.4,CRAB:2.4|DEER:2.4|FISH:2.4|GOURD:2.4|SHRIMP:2.4
895,5BetAllInAt12Dollars,12.0,10,12.0,3,9.6,CRAB:2.4|DEER:2.4|FISH:2.4|GOURD:2.4|SHRIMP:2.4
896,5BetAllInAt12Dollars,12.0,10,12.0,1,4.8,CRAB:2.4|DEER:2.4|FISH:2.4|GOURD:2.4|SHRIMP:2.4
897,5BetAllInAt12Dollars,12.0,10,12.0,6,9.6,CRAB:2.4|DEER:2.4|FISH:2.4|GOURD:2.4|SHRIMP:2.4
898,5BetAllInAt12Dollars,12.0,10,12.0,1,7.2,CRAB:2.4|DEER:2.4|FISH:2.4|GOURD:2.4|SHRIMP:2.4
899,5BetAllInAt12Dollars,12.0,10,12.0,2,7.2,CRAB:2.4|DEER:2.4|FISH:2.4|GOURD:2.4|SHRIMP:2.4
900,5BetAllInAt12Dollars,12.0,10,12.0,1,9.6,CRAB:2.4|DEER:2.4|FISH:2.4|GOURD:2.4|SHRIMP:2.4
901,5BetAllInAt12Dollars,12.0,10,12.0,1,7.2,CRAB:2.4|DEER:2.4|FISH:2.4|GOURD:2.4|SHRIMP:2.4
902,5BetAllInAt12Dollars,12.0,10,12.0,1,4.8,CRAB:2.4|DEER:2.4|FISH:2.4|GOURD:2.4|SHRIMP:2.4
903,5BetAllInAt12Dollars,12.0,10,12.0,1,9.6,CRAB:2.4|DEER:2.4|FISH:2.4|GOURD:2.4|SHRIMP:2.4
904,5BetAllInAt12Dollars,12.0,10,12.0,1,4.8,CRAB:2.4|DEER:2.4|FISH:2.4|GOURD:2.4|SHRIMP:2.4
905,5BetAllInAt12Dollars,12.0,10,12.0,3,7.2,CRAB:2.4|DEER:2.4|FISH:2.4|GOURD:2.4|SHRIMP:2.4
906,5BetAllInAt12Dollars,12.0,10,12.0,1,9.6,CRAB:2.4|DEER:2.4|FISH:2.4|GOURD:2.4|SHRIMP:2.4
907,5BetAllInAt12Dollars,12.0,10,12.0,1,9.6,CRAB:2.4|DEER:2.4|FISH:2.4|GOURD:2.4|SHRIMP:2.4
908,5BetAllInAt12Dollars,12.0,10,12.0,10,16.8,CRAB:2.4|DEER:2.4|FISH:2.4|GOURD:2.4|SHRIMP:2.4
909,5BetAllInAt12Dollars,12.0,10,12.0,2,9.6,CRAB:2.4|DEER:2.4|FISH:2.4|GOURD:2.4|SHRIMP:2.4
910,5BetAllInAt12Dollars,12.0,10,12.0,3,7.2,CRAB:2.4|DEER:2.4|FISH:2.4|GOURD:2.4|SHRIMP:2.4
911,5BetAllInAt12Dollars,12.0,10,12.0,3,9.6,CRAB:2.4|DEER:2.4|FISH:2.4|GOURD:2.4|SHRIMP:2.4
912,5BetAllInAt12Dollars,12.0,10,12.0,2,4.8,CRAB:2.4|DEER:2.4|FISH:2.4|GOURD:2.4|SHRIMP:2.4
913,5BetAllInAt12Dollars,12.0,10,12.0,1,9.6,CRAB:2.4|DEER:2.4|FISH:2.4|GOURD:2.4|SHRIMP:2.4
914,5BetAllInAt12Dollars,12.0,10,12.0,2,9.6,CRAB:2.4|DEER:2.4|FISH:2.4|GOURD:2.4|SHRIMP:2.4
915,5BetAllInAt12Dollars,12.0,10,12.0,1,9.6,CRAB:2.4|DEER:2.4|FISH:2.4|GOURD:2.4|SHRIMP:2.4
916,5BetAllInAt12Dollars,12.0,10,12.0,1,9.6,CRAB:2.4|DEER:2.4|FISH:2.4|GOURD:2.4|SHRIMP:2.4
917,5BetAllInAt12Dollars,12.0,10,12.0,3,9.6,CRAB:2.4|DEER:2.4|FISH:2.4|GOURD:2.4|SHRIMP:2.4
918,5BetAllInAt12Dollars,12.0,10,12.0,2,9.6,CRAB:2.4|DEER:2.4|FISH:2.4|GOURD:2.4|SHRIMP:2.4
919,5BetAllInAt12Dollars,12.0,10,12.0,8,7.2,CRAB:2.4|DEER:2.4|FISH:2.4|GOURD:2.4|SHRIMP:2.4
920,5BetAllInAt12Dollars,12.0,10,12.0,2,4.8,CRAB:2.4|DEER:2.4|FISH:2.4|GOURD:2.4|SHRIMP:2.4
921,5BetAllInAt12Dollars,12.0,10,12.0,1,9.6,CRAB:2.4|DEER:2.4|FISH:2.4|GOURD:2.4|SHRIMP:2.4
922,5BetAllInAt12Dollars,12.0,10,12.0,4,7.2,CRAB:2.4|DEER:2.4|FISH:2.4|GOURD:2.4|SHRIMP:2.4
923,5BetAllInAt12Dollars,12.0,10,12.0,3,9.6,CRAB:2.4|DEER:2.4|FISH:2.4|GOURD:2.4|SHRIMP:2.4
924,5BetAllInAt12Dollars,12.0,10,12.0,2,9.6,CRAB:2.4|DEER:2.4|FISH:2.4|GOURD:2.4|SHRIMP:2.4
925,5BetAllInAt12Dollars,12.0,10,12.0,1,4.8,CRAB:2.4|DEER:2.4|FISH:2.4|GOURD:2.4|SHRIMP:2.4
926,5BetAllInAt12Dollars,12.0,10,12.0,2,9.6,CRAB:2.4|DEER:2.4|FISH:2.4|GOURD:2.4|SHRIMP:2.4
927,5BetAllInAt12Dollars,12.0,10,12.0,8,9.6,CRAB:2.4|DEER:2.4|FISH:2.4|GOURD:2.4|SHRIMP:2.4
928,5BetAllInAt12Dollars,12.0,10,12.0,1,9.6,CRAB:2.4|DEER:2.4|FISH:2.4|GOURD:2.4|SHRIMP:2.4
929,5BetAllInAt12Dollars,12.0,10,12.0,1,4.8,CRAB:2.4|DEER:2.4|FISH:2.4|GOURD:2.4|SHRIMP:2.4
930,5BetAllInAt12Dollars,12.0,10,12.0,2,9.6,CRAB:2.4|DEER:2.4|FISH:2.4|GOURD:2.4|SHRIMP:2.4
931,5BetAllInAt12Dollars,12.0,10,12.0,5,4.8,CRAB:2.4|DEER:2.4|FISH:2.4|GOURD:2.4|SHRIMP:2.4
932,5BetAllInAt12Dollars,12.0,10,12.0,1,7.2,CRAB:2.4|DEER:2.4|FISH:2.4|GOURD:2.4|SHRIMP:2.4
933,5BetAllInAt12Dollars,12.0,10,12.0,1,9.6,CRAB:2.4|DEER:2.4|FISH:2.4|GOURD:2.4|SHRIMP:2.4
934,5BetAllInAt12Dollars,12.0,10,12.0,10,19.2,CRAB:2.4|DEER:2.4|FISH:2.4|GOURD:2.4|SHRIMP:2.4
935,5BetAllInAt12Dollars,12.0,10,12.0,1,9.6,CRAB:2.4|DEER:2.4|FISH:2.4|GOURD:2.4|SHRIMP:2.4
936,5BetAllInAt12Dollars,12.0,10,12.0,1,9.6,CRAB:2.4|DEER:2.4|FISH:2.4|GOURD:2.4|SHRIMP:2.4
937,5BetAllInAt12Dollars,12.0,10,12.0,3,9.6,CRAB:2.4|DEER:2.4|FISH:2.4|GOURD:2.4|SHRIMP:2.4
938,5BetAllInAt12Dollars,12.0,10,12.0,1,9.6,CRAB:2.4|DEER:2.4|FISH:2.4|GOURD:2.4|SHRIMP:2.4
939,5BetAllInAt12Dollars,12.0,10,12.0,3,9.6,CRAB:2.4|DEER:2.4|FISH:2.4|GOURD:2.4|SHRIMP:2.4
940,5BetAllInAt12Dollars,12.0,10,12.0,1,9.6,CRAB:2.4|DEER:2.4|FISH:2.4|GOURD:2.4|SHRIMP:2.4
941,5BetAllInAt12Dollars,12.0,10,12.0,4,9.6,CRAB:2.4|DEER:2.4|FISH:2.4|GOURD:2.4|SHRIMP:2.4
942,5BetAllInAt12Dollars,12.0,10,12.0,1,4.8,CRAB:2.4|DEER:2.4|FISH:2.4|GOURD:2.4|SHRIMP:2.4
943,5BetAllInAt12Dollars,12.0,10,12.0,2,7.2,CRAB:2.4|DEER:2.4|FISH:2.4|GOURD:2.4|SHRIMP:2.4
944,5BetAllInAt12Dollars,12.0,10,12.0,1,9.6,CRAB:2.4|DEER:2.4|FISH:2.4|GOURD:2.4|SHRIMP:2.4
945,5BetAllInAt12Dollars,12.0,10,12.0,10,14.4,CRAB:2.4|DEER:2.4|FISH:2.4|GOURD:2.4|SHRIMP:2.4
946,5BetAllInAt12Dollars,12.0,10,12.0,1,7.2,CRAB:2.4|DEER:2.4|FISH:2.4|GOURD:2.4|SHRIMP:2.4
947,5BetAllInAt12Dollars,12.0,10,12.0,3,4.8,CRAB:2.4|DEER:2.4|FISH:2.4|GOURD:2.4|SHRIMP:2.4
948,5BetAllInAt12Dollars,12.0,10,12.0,10,14.4,CRAB:2.4|DEER:2.4|FISH:2.4|GOURD:2.4|SHRIMP:2.4
949,5BetAllInAt12Dollars,12.0,10,12.0,3,9.6,CRAB:2.4|DEER:2.4|FISH:2.4|GOURD:2.4|SHRIMP:2.4
950,5BetAllInAt12Dollars,12.0,10,12.0,1,7.2,CRAB:2.4|DEER:2.4|FISH:2.4|GOURD:2.4|SHRIMP:2.4
951,5BetAllInAt12Dollars,12.0,10,12.0,1,9.6,CRAB:2.4|DEER:2.4|FISH:2.4|GOURD:2.4|SHRIMP:2.4
952,5BetAllInAt12Dollars,12.0,10,12.0,10,12.0,CRAB:2.4|DEER:2.4|FISH:2.4|GOURD:2.4|SHRIMP:2.4
953,5BetAllInAt12Dollars,12.0,10,12.0,3,9.6,CRAB:2.4|DEER:2.4|FISH:2.4|GOURD:2.4|SHRIMP:2.4
954,5BetAllInAt12Dollars,12.0,10,12.0,1,9.6,CRAB:2.4|DEER:2.4|FISH:2.4|GOURD:2.4|SHRIMP:2.4
955,5BetAllInAt12Dollars,12.0,10,12.0,2,9.6,CRAB:2.4|DEER:2.4|FISH:2.4|GOURD:2.4|SHRIMP:2.4
956,5BetAllInAt12Dollars,12.0,10,12.0,10,19.2,CRAB:2.4|DEER:2.4|FISH:2.4|GOURD:2.4|SHRIMP:2.4
957,5BetAllInAt12Dollars,12.0,10,12.0,1,4.8,CRAB:2.4|DEER:2.4|FISH:2.4|GOURD:2.4|SHRIMP:2.4
958,5BetAllInAt12Dollars,12.0,10,12.0,1,9.6,CRAB:2.4|DEER:2.4|FISH:2.4|GOURD:2.4|SHRIMP:2.4
959,5BetAllInAt12Dollars,12.0,10,12.0,1,9.6,CRAB:2.4|DEER:2.4|FISH:2.4|GOURD:2.4|SHRIMP:2.4
960,5BetAllInAt12Dollars,12.0,10,12.0,1,4.8,CRAB:2.4|DEER:2.4|FISH:2.4|GOURD:2.4|SHRIMP:2.4
961,5BetAllInAt12Dollars,12.0,10,12.0,5,7.2,CRAB:2.4|DEER:2.4|FISH:2.4|GOURD:2.4|SHRIMP:2.4
962,5BetAllInAt12Dollars,12.0,10,12.0,1,4.8,CRAB:2.4|DEER:2.4|FISH:2.4|GOURD:2.4|SHRIMP:2.4
963,5BetAllInAt12Dollars,12.0,10,12.0,2,9.6,CRAB:2.4|DEER:2.4|FISH:2.4|GOURD:2.4|SHRIMP:2.4
964,5BetAllInAt12Dollars,12.0,10,12.0,1,9.6,CRAB:2.4|DEER:2.4|FISH:2.4|GOURD:2.4|SHRIMP:2.4
965,5BetAllInAt12Dollars,12.0,10,12.0,1,9.6,CRAB:2.4|DEER:2.4|FISH:2.4|GOURD:2.4|SHRIMP:2.4
966,5BetAllInAt12Dollars,12.0,10,12.0,2,9.6,CRAB:2.4|DEER:2.4|FISH:2.4|GOURD:2.4|SHRIMP:2.4
967,5BetAllInAt12Dollars,12.0,10,12.0,1,4.8,CRAB:2.4|DEER:2.4|FISH:2.4|GOURD:2.4|SHRIMP:2.4
968,5BetAllInAt12Dollars,12.0,10,12.0,9,4.8,CRAB:2.4|DEER:2.4|FISH:2.4|GOURD:2.4|SHRIMP:2.4
969,5BetAllInAt12Dollars,12.0,10,12.0,6,7.2,CRAB:2.4|DEER:2.4|FISH:2.4|GOURD:2.4|SHRIMP:2.4
970,5BetAllInAt12Dollars,12.0,10,12.0,10,14.4,CRAB:2.4|DEER:2.4|FISH:2.4|GOURD:2.4|SHRIMP:2.4
971,5BetAllInAt12Dollars,12.0,10,12.0,1,9.6,CRAB:2.4|DEER:2.4|FISH:2.4|GOURD:2.4|SHRIMP:2.4
972,5BetAllInAt12Dollars,12.0,10,12.0,1,9.6,CRAB:2.4|DEER:2.4|FISH:2.4|GOURD:2.4|SHRIMP:2.4
973,5BetAllInAt12Dollars,12.0,10,12.0,2,9.6,CRAB:2.4|DEER:2.4|FISH:2.4|GOURD:2.4|SHRIMP:2.4
974,5BetAllInAt12Dollars,12.0,10,12.0,1,4.8,CRAB:2.4|DEER:2.4|FISH:2.4|GOURD:2.4|SHRIMP:2.4
975,5BetAllInAt12Dollars,12.0,10,12.0,1,9.6,CRAB:2.4|DEER:2.4|FISH:2.4|GOURD:2.4|SHRIMP:2.4
976,5BetAllInAt12Dollars,12.0,10,12.0,1,9.6,CRAB:2.4|DEER:2.4|FISH:2.4|GOURD:2.4|SHRIMP:2.4
977,5BetAllInAt12Dollars,12.0,10,12.0,2,7.2,CRAB:2.4|DEER:2.4|FISH:2.4|GOURD:2.4|SHRIMP:2.4
978,5BetAllInAt12Dollars,12.0,10,12.0,1,4.8,CRAB:2.4|DEER:2.4|FISH:2.4|GOURD:2.4|SHRIMP:2.4
979,5BetAllInAt12Dollars,12.0,10,12.0,1,9.6,CRAB:2.4|DEER:2.4|FISH:2.4|GOURD:2.4|SHRIMP:2.4
980,5BetAllInAt12Dollars,12.0,10,12.0,1,9.6,CRAB:2.4|DEER:2.4|FISH:2.4|GOURD:2.4|SHRIMP:2.4
981,5BetAllInAt12Dollars,12.0,10,12.0,1,9.6,CRAB:2.4|DEER:2.4|FISH:2.4|GOURD:2.4|SHRIMP:2.4
982,5BetAllInAt12Dollars,12.0,10,12.0,1,9.6,CRAB:2.4|DEER:2.4|FISH:2.4|GOURD:2.4|SHRIMP:2.4
983,5BetAllInAt12Dollars,12.0,10,12.0,3,9.6,CRAB:2.4|DEER:2.4|FISH:2.4|GOURD:2.4|SHRIMP:2.4
984,5BetAllInAt12Dollars,12.0,10,12.0,1,7.2,CRAB:2.4|DEER:2.4|FISH:2.4|GOURD:2.4|SHRIMP:2.4
985,5BetAllInAt12Dollars,12.0,10,12.0,6,9.6,CRAB:2.4|DEER:2.4|FISH:2.4|GOURD:2.4|SHRIMP:2.4
986,5BetAllInAt12Dollars,12.0,10,12.0,1,9.6,CRAB:2.4|DEER:2.4|FISH:2.4|GOURD:2.4|SHRIMP:2.4
987,5BetAllInAt12Dollars,12.0,10,12.0,1,4.8,CRAB:2.4|DEER:2.4|FISH:2.4|GOURD:2.4|SHRIMP:2.4
988,5BetAllInAt12Dollars,12.0,10,12.0,2,4.8,CRAB:2.4|DEER:2.4|FISH:2.4|GOURD:2.4|SHRIMP:2.4
989,5BetAllInAt12Dollars,12.0,10,12.0,1,4.8,CRAB:2.4|DEER:2.4|FISH:2.4|GOURD:2.4|SHRIMP:2.4
990,5BetAllInAt12Dollars,12.0,10,12.0,10,16.8,CRAB:2.4|DEER:2.4|FISH:2.4|GOURD:2.4|SHRIMP:2.4
991,5BetAllInAt12Dollars,12.0,10,12.0,2,9.6,CRAB:2.4|DEER:2.4|FISH:2.4|GOURD:2.4|SHRIMP:2.4
992,5BetAllInAt12Dollars,12.0,10,12.0,10,12.0,CRAB:2.4|DEER:2.4|FISH:2.4|GOURD:2.4|SHRIMP:2.4
993,5BetAllInAt12Dollars,12.0,10,12.0,2,7.2,CRAB:2.4|DEER:2.4|FISH:2.4|GOURD:2.4|SHRIMP:2.4
994,5BetAllInAt12Dollars,12.0,10,12.0,2,9.6,CRAB:2.4|DEER:2.4|FISH:2.4|GOURD:2.4|SHRIMP:2.4
995,5BetAllInAt12Dollars,12.0,10,12.0,1,9.6,CRAB:2.4|DEER:2.4|FISH:2.4|GOURD:2.4|SHRIMP:2.4
996,5BetAllInAt12Dollars,12.0,10,12.0,1,4.8,CRAB:2.4|DEER:2.4|FISH:2.4|GOURD:2.4|SHRIMP:2.4
997,5BetAllInAt12Dollars,12.0,10,12.0,1,9.6,CRAB:2.4|DEER:2.4|FISH:2.4|GOURD:2.4|SHRIMP:2.4
998,5BetAllInAt12Dollars,12.0,10,12.0,6,9.6,CRAB:2.4|DEER:2.4|FISH:2.4|GOURD:2.4|SHRIMP:2.4
999,5BetAllInAt12Dollars,12.0,10,12.0,1,4.8,CRAB:2.4|DEER:2.4|FISH:2.4|GOURD:2.4|SHRIMP:2.4
1000,5BetAllInAt12Dollars,12.0,10,12.0,1,9.6,CRAB:2.4|DEER:2.4|FISH:2.4|GOURD:2.4|SHRIMP:2.4
